SimFluoValues,Dose,Repression_Coefficient,Draw,dose
0.526193400339401,0,LacIrep3,1,1
0.526193400339401,0,LacIrep3,1,100000
0.526193400339401,0,LacIrep3,1,300000
0.526193400339431,0,LacIrep3,1,700000
0.526193400339855,0,LacIrep3,1,1000000
0.526193400349805,0,LacIrep3,1,1500000
0.52619340043521,0,LacIrep3,1,2000000
0.52619340252321,0,LacIrep3,1,3000000
0.526193512400377,0,LacIrep3,1,5000000
0.526217621591289,0,LacIrep3,1,10000000
1.53210340347334,0,LacIrep3,1,40000000
53.5010327758315,0,LacIrep3,1,200000000
0.551766206748894,0,LacIrep3,2,1
0.551776424533917,0,LacIrep3,2,100000
0.551906699306201,0,LacIrep3,2,300000
0.552793692701377,0,LacIrep3,2,700000
0.554126308522167,0,LacIrep3,2,1000000
0.557832180560213,0,LacIrep3,2,1500000
0.563629997999359,0,LacIrep3,2,2000000
0.582215024951533,0,LacIrep3,2,3000000
0.651529097314921,0,LacIrep3,2,5000000
1.04779609282835,0,LacIrep3,2,10000000
10.5382761408374,0,LacIrep3,2,40000000
45.0809426873183,0,LacIrep3,2,200000000
0.531171109040771,0,LacIrep3,3,1
0.531171109040771,0,LacIrep3,3,100000
0.531171109040938,0,LacIrep3,3,300000
0.531171109153747,0,LacIrep3,3,700000
0.531171110777446,0,LacIrep3,3,1000000
0.531171129765012,0,LacIrep3,3,1500000
0.531171418641932,0,LacIrep3,3,2000000
0.531178572123921,0,LacIrep3,3,3000000
0.53153555992403,0,LacIrep3,3,5000000
0.603761157680545,0,LacIrep3,3,10000000
51.4912427608083,0,LacIrep3,3,40000000
52.4555778871624,0,LacIrep3,3,200000000
0.525261409920937,0,LacIrep3,4,1
0.525261409921482,0,LacIrep3,4,100000
0.525261410053563,0,LacIrep3,4,300000
0.525261417921556,0,LacIrep3,4,700000
0.525261454052474,0,LacIrep3,4,1000000
0.525261854662012,0,LacIrep3,4,1500000
0.525262640129541,0,LacIrep3,4,2000000
0.525269019429328,0,LacIrep3,4,3000000
0.525347107894435,0,LacIrep3,4,5000000
0.527573124655201,0,LacIrep3,4,10000000
2.15519127047613,0,LacIrep3,4,40000000
53.552828435254,0,LacIrep3,4,200000000
0.526252898544818,0,LacIrep3,5,1
0.526252898544825,0,LacIrep3,5,100000
0.526252898547322,0,LacIrep3,5,300000
0.526252898764575,0,LacIrep3,5,700000
0.526252899974362,0,LacIrep3,5,1000000
0.526252910501759,0,LacIrep3,5,1500000
0.526252952296768,0,LacIrep3,5,2000000
0.526253349779411,0,LacIrep3,5,3000000
0.526259440519648,0,LacIrep3,5,5000000
0.526503682064818,0,LacIrep3,5,10000000
0.869644335518847,0,LacIrep3,5,40000000
46.3252258210628,0,LacIrep3,5,200000000
0.545242778838079,0,LacIrep3,6,1
0.545242778838078,0,LacIrep3,6,100000
0.545242778838763,0,LacIrep3,6,300000
0.545242778895932,0,LacIrep3,6,700000
0.545242779206387,0,LacIrep3,6,1000000
0.54524278183769,0,LacIrep3,6,1500000
0.545242792079611,0,LacIrep3,6,2000000
0.545242885795484,0,LacIrep3,6,3000000
0.545244281696381,0,LacIrep3,6,5000000
0.545296208513949,0,LacIrep3,6,10000000
0.611692626997586,0,LacIrep3,6,40000000
40.7825208671498,0,LacIrep3,6,200000000
0.522208570683594,0,LacIrep3,7,1
0.551890743099035,0,LacIrep3,7,100000
0.63119164886055,0,LacIrep3,7,300000
0.811787129107067,0,LacIrep3,7,700000
0.957988673155816,0,LacIrep3,7,1000000
1.21220995599133,0,LacIrep3,7,1500000
1.47789783466237,0,LacIrep3,7,2000000
2.02662179586132,0,LacIrep3,7,3000000
3.16641598079692,0,LacIrep3,7,5000000
6.05525078620024,0,LacIrep3,7,10000000
20.1985987577919,0,LacIrep3,7,40000000
44.6395238045715,0,LacIrep3,7,200000000
0.520912453937191,0,LacIrep3,8,1
0.520912453937191,0,LacIrep3,8,100000
0.520912453937191,0,LacIrep3,8,300000
0.520912453937191,0,LacIrep3,8,700000
0.520912453937193,0,LacIrep3,8,1000000
0.520912453937236,0,LacIrep3,8,1500000
0.52091245393754,0,LacIrep3,8,2000000
0.520912453943409,0,LacIrep3,8,3000000
0.520912454167583,0,LacIrep3,8,5000000
0.520912484383137,0,LacIrep3,8,10000000
0.521464346631119,0,LacIrep3,8,40000000
23.7392726598883,0,LacIrep3,8,200000000
0.520189594296514,0,LacIrep3,9,1
0.520189594296514,0,LacIrep3,9,100000
0.520189594296514,0,LacIrep3,9,300000
0.520189594296514,0,LacIrep3,9,700000
0.520189594296514,0,LacIrep3,9,1000000
0.520189594296517,0,LacIrep3,9,1500000
0.520189594296536,0,LacIrep3,9,2000000
0.520189594297086,0,LacIrep3,9,3000000
0.520189594331888,0,LacIrep3,9,5000000
0.520189603187097,0,LacIrep3,9,10000000
0.520860085414631,0,LacIrep3,9,40000000
43.9118021255791,0,LacIrep3,9,200000000
0.523224662097107,0,LacIrep3,10,1
0.523224665613538,0,LacIrep3,10,100000
0.523224858688971,0,LacIrep3,10,300000
0.523228696094011,0,LacIrep3,10,700000
0.523239336048153,0,LacIrep3,10,1000000
0.523283957147255,0,LacIrep3,10,1500000
0.523388153129222,0,LacIrep3,10,2000000
0.52390038371292,0,LacIrep3,10,3000000
0.527253175772628,0,LacIrep3,10,5000000
0.568612924032532,0,LacIrep3,10,10000000
5.69309452039004,0,LacIrep3,10,40000000
50.6566537564052,0,LacIrep3,10,200000000
0.524585341360162,0,LacIrep3,11,1
0.524585713886124,0,LacIrep3,11,100000
0.524593647827992,0,LacIrep3,11,300000
0.524670150568132,0,LacIrep3,11,700000
0.524813659439628,0,LacIrep3,11,1000000
0.525277491594496,0,LacIrep3,11,1500000
0.526105503876337,0,LacIrep3,11,2000000
0.529179310324276,0,LacIrep3,11,3000000
0.543114586469454,0,LacIrep3,11,5000000
0.647280265597931,0,LacIrep3,11,10000000
5.43494112183443,0,LacIrep3,11,40000000
49.685316626597,0,LacIrep3,11,200000000
0.537350474088003,0,LacIrep3,12,1
0.537350474088003,0,LacIrep3,12,100000
0.537350474088003,0,LacIrep3,12,300000
0.537350474088003,0,LacIrep3,12,700000
0.537350474088005,0,LacIrep3,12,1000000
0.537350474088089,0,LacIrep3,12,1500000
0.537350474089198,0,LacIrep3,12,2000000
0.537350474136735,0,LacIrep3,12,3000000
0.537350479282188,0,LacIrep3,12,5000000
0.537353552680313,0,LacIrep3,12,10000000
1.52145166968458,0,LacIrep3,12,40000000
58.8765442125935,0,LacIrep3,12,200000000
0.533830226459423,0,LacIrep3,13,1
0.533903950668829,0,LacIrep3,13,100000
0.534537121325382,0,LacIrep3,13,300000
0.537648853363944,0,LacIrep3,13,700000
0.541567796806224,0,LacIrep3,13,1000000
0.551058706285618,0,LacIrep3,13,1500000
0.564183665255154,0,LacIrep3,13,2000000
0.601232045027449,0,LacIrep3,13,3000000
0.717351961920716,0,LacIrep3,13,5000000
1.2419250152358,0,LacIrep3,13,10000000
9.44045394276396,0,LacIrep3,13,40000000
41.1955227327078,0,LacIrep3,13,200000000
0.521345729869823,0,LacIrep3,14,1
0.521345729978699,0,LacIrep3,14,100000
0.521345756889585,0,LacIrep3,14,300000
0.521348137684829,0,LacIrep3,14,700000
0.521360934220771,0,LacIrep3,14,1000000
0.521463287349611,0,LacIrep3,14,1500000
0.521851486823023,0,LacIrep3,14,2000000
0.525286429139841,0,LacIrep3,14,3000000
0.573571529110319,0,LacIrep3,14,5000000
2.19970328474746,0,LacIrep3,14,10000000
50.1534225691515,0,LacIrep3,14,40000000
51.4659052240139,0,LacIrep3,14,200000000
0.526655061860801,0,LacIrep3,15,1
0.585301259946189,0,LacIrep3,15,100000
0.717543677867129,0,LacIrep3,15,300000
0.993472747000203,0,LacIrep3,15,700000
1.20489096476185,0,LacIrep3,15,1000000
1.56026737330638,0,LacIrep3,15,1500000
1.91611582540958,0,LacIrep3,15,2000000
2.627815125203,0,LacIrep3,15,3000000
4.0216835201924,0,LacIrep3,15,5000000
7.27019029267071,0,LacIrep3,15,10000000
20.5390416732689,0,LacIrep3,15,40000000
39.4163446739159,0,LacIrep3,15,200000000
0.524232524707183,0,LacIrep3,16,1
0.524232525349481,0,LacIrep3,16,100000
0.524232561683872,0,LacIrep3,16,300000
0.524233231450366,0,LacIrep3,16,700000
0.524235000449671,0,LacIrep3,16,1000000
0.52424225863609,0,LacIrep3,16,1500000
0.524257526737036,0,LacIrep3,16,2000000
0.524330916389619,0,LacIrep3,16,3000000
0.524778735791087,0,LacIrep3,16,5000000
0.529810290348657,0,LacIrep3,16,10000000
1.09972318719169,0,LacIrep3,16,40000000
40.6096114765947,0,LacIrep3,16,200000000
0.5200180218218,0,LacIrep3,17,1
0.520018021837574,0,LacIrep3,17,100000
0.52001802365059,0,LacIrep3,17,300000
0.520018088136657,0,LacIrep3,17,700000
0.520018315748588,0,LacIrep3,17,1000000
0.520019620652106,0,LacIrep3,17,1500000
0.520023289863751,0,LacIrep3,17,2000000
0.520046548887749,0,LacIrep3,17,3000000
0.52025466365765,0,LacIrep3,17,5000000
0.524186925960815,0,LacIrep3,17,10000000
1.77741390484809,0,LacIrep3,17,40000000
46.8182480674937,0,LacIrep3,17,200000000
0.523038613603989,0,LacIrep3,18,1
0.523038613619948,0,LacIrep3,18,100000
0.523038616587452,0,LacIrep3,18,300000
0.523038755870039,0,LacIrep3,18,700000
0.523039345329109,0,LacIrep3,18,1000000
0.523043250355433,0,LacIrep3,18,1500000
0.523055718055534,0,LacIrep3,18,2000000
0.523145425308428,0,LacIrep3,18,3000000
0.524104853318491,0,LacIrep3,18,5000000
0.547199621248951,0,LacIrep3,18,10000000
10.7976656033752,0,LacIrep3,18,40000000
62.9472585485837,0,LacIrep3,18,200000000
0.521769131982094,0,LacIrep3,19,1
0.521769131989567,0,LacIrep3,19,100000
0.521769132976374,0,LacIrep3,19,300000
0.521769175115257,0,LacIrep3,19,700000
0.521769337329623,0,LacIrep3,19,1000000
0.521770389605258,0,LacIrep3,19,1500000
0.521773505770934,0,LacIrep3,19,2000000
0.521793989372069,0,LacIrep3,19,3000000
0.521997723611642,0,LacIrep3,19,5000000
0.526404490099339,0,LacIrep3,19,10000000
2.34066502291875,0,LacIrep3,19,40000000
42.6031629869197,0,LacIrep3,19,200000000
0.521883067343632,0,LacIrep3,20,1
0.521883067343633,0,LacIrep3,20,100000
0.521883067343946,0,LacIrep3,20,300000
0.521883067366396,0,LacIrep3,20,700000
0.521883067479748,0,LacIrep3,20,1000000
0.521883068376699,0,LacIrep3,20,1500000
0.52188307167614,0,LacIrep3,20,2000000
0.521883098785008,0,LacIrep3,20,3000000
0.52188349316033,0,LacIrep3,20,5000000
0.521896716840278,0,LacIrep3,20,10000000
0.535365468486724,0,LacIrep3,20,40000000
23.3800597466828,0,LacIrep3,20,200000000
0.560331794674934,0,LacIrep3,21,1
0.560331821158701,0,LacIrep3,21,100000
0.560333930540491,0,LacIrep3,21,300000
0.560393331039164,0,LacIrep3,21,700000
0.560580633384381,0,LacIrep3,21,1000000
0.561536000816353,0,LacIrep3,21,1500000
0.564029490904681,0,LacIrep3,21,2000000
0.578242323775121,0,LacIrep3,21,3000000
0.690330980010776,0,LacIrep3,21,5000000
2.42445214885225,0,LacIrep3,21,10000000
53.5284366889394,0,LacIrep3,21,40000000
61.1986694155606,0,LacIrep3,21,200000000
0.535877025649923,0,LacIrep3,22,1
0.535877025649923,0,LacIrep3,22,100000
0.535877025649923,0,LacIrep3,22,300000
0.535877025649933,0,LacIrep3,22,700000
0.535877025650105,0,LacIrep3,22,1000000
0.535877025655118,0,LacIrep3,22,1500000
0.535877025705799,0,LacIrep3,22,2000000
0.535877027232721,0,LacIrep3,22,3000000
0.535877131729462,0,LacIrep3,22,5000000
0.53591048085563,0,LacIrep3,22,10000000
3.34175768693158,0,LacIrep3,22,40000000
61.3561742673085,0,LacIrep3,22,200000000
0.530095752938835,0,LacIrep3,23,1
0.530095752938835,0,LacIrep3,23,100000
0.530095752938835,0,LacIrep3,23,300000
0.530095752938835,0,LacIrep3,23,700000
0.53009575293884,0,LacIrep3,23,1000000
0.530095752938969,0,LacIrep3,23,1500000
0.530095752940182,0,LacIrep3,23,2000000
0.530095752974076,0,LacIrep3,23,3000000
0.530095755081067,0,LacIrep3,23,5000000
0.530096281925683,0,LacIrep3,23,10000000
0.566169054833815,0,LacIrep3,23,40000000
62.0488722270824,0,LacIrep3,23,200000000
0.521588476596951,0,LacIrep3,24,1
0.521588519964252,0,LacIrep3,24,100000
0.521589691928669,0,LacIrep3,24,300000
0.521602372883733,0,LacIrep3,24,700000
0.521627555652176,0,LacIrep3,24,1000000
0.521713316360445,0,LacIrep3,24,1500000
0.521872392652979,0,LacIrep3,24,2000000
0.52249805624075,0,LacIrep3,24,3000000
0.525503104229685,0,LacIrep3,24,5000000
0.549896769582758,0,LacIrep3,24,10000000
1.96274825191776,0,LacIrep3,24,40000000
42.4404797201409,0,LacIrep3,24,200000000
0.530095762092498,0,LacIrep3,25,1
0.530095762095106,0,LacIrep3,25,100000
0.530095763560186,0,LacIrep3,25,300000
0.530095930231416,0,LacIrep3,25,700000
0.530097104119606,0,LacIrep3,25,1000000
0.530108978801796,0,LacIrep3,25,1500000
0.530162613791164,0,LacIrep3,25,2000000
0.530743591632424,0,LacIrep3,25,3000000
0.54132326840176,0,LacIrep3,25,5000000
1.06421799722338,0,LacIrep3,25,10000000
54.0898037293827,0,LacIrep3,25,40000000
56.5436416359402,0,LacIrep3,25,200000000
0.520684652481133,0,LacIrep3,26,1
0.520684652481133,0,LacIrep3,26,100000
0.520684652481145,0,LacIrep3,26,300000
0.520684652485463,0,LacIrep3,26,700000
0.520684652529656,0,LacIrep3,26,1000000
0.520684653232688,0,LacIrep3,26,1500000
0.520684657846702,0,LacIrep3,26,2000000
0.520684736890469,0,LacIrep3,26,3000000
0.520687361884876,0,LacIrep3,26,5000000
0.520967632864372,0,LacIrep3,26,10000000
3.48993413628475,0,LacIrep3,26,40000000
47.9361672950916,0,LacIrep3,26,200000000
0.522716276774656,0,LacIrep3,27,1
0.522716597279548,0,LacIrep3,27,100000
0.522722329024949,0,LacIrep3,27,300000
0.522768306602098,0,LacIrep3,27,700000
0.52284670101948,0,LacIrep3,27,1000000
0.523081416255263,0,LacIrep3,27,1500000
0.523473106352794,0,LacIrep3,27,2000000
0.524827272150357,0,LacIrep3,27,3000000
0.530371047990164,0,LacIrep3,27,5000000
0.566967438944191,0,LacIrep3,27,10000000
1.95089627444503,0,LacIrep3,27,40000000
35.1614384491472,0,LacIrep3,27,200000000
0.520356991166581,0,LacIrep3,28,1
0.520356995260267,0,LacIrep3,28,100000
0.520357365393339,0,LacIrep3,28,300000
0.520367997126338,0,LacIrep3,28,700000
0.520403002001014,0,LacIrep3,28,1000000
0.52059113625503,0,LacIrep3,28,1500000
0.521096043822663,0,LacIrep3,28,2000000
0.524083001390859,0,LacIrep3,28,3000000
0.548960998674067,0,LacIrep3,28,5000000
0.969594799983879,0,LacIrep3,28,10000000
37.7850245897781,0,LacIrep3,28,40000000
55.9579872653633,0,LacIrep3,28,200000000
0.526895363849971,0,LacIrep3,29,1
0.526895363912513,0,LacIrep3,29,100000
0.526895370441151,0,LacIrep3,29,300000
0.526895579395844,0,LacIrep3,29,700000
0.526896289865669,0,LacIrep3,29,1000000
0.526900563046062,0,LacIrep3,29,1500000
0.526911355647153,0,LacIrep3,29,2000000
0.526978051142953,0,LacIrep3,29,3000000
0.527539417184422,0,LacIrep3,29,5000000
0.537640162734994,0,LacIrep3,29,10000000
3.30274702924288,0,LacIrep3,29,40000000
50.408139627379,0,LacIrep3,29,200000000
0.521522482967591,0,LacIrep3,30,1
0.521522482967591,0,LacIrep3,30,100000
0.521522482967591,0,LacIrep3,30,300000
0.521522482967591,0,LacIrep3,30,700000
0.521522482967591,0,LacIrep3,30,1000000
0.521522482967591,0,LacIrep3,30,1500000
0.521522482967591,0,LacIrep3,30,2000000
0.521522482967592,0,LacIrep3,30,3000000
0.521522482967644,0,LacIrep3,30,5000000
0.521522483002501,0,LacIrep3,30,10000000
0.521539014752214,0,LacIrep3,30,40000000
29.1445527084925,0,LacIrep3,30,200000000
0.537816094151207,0,LacIrep3,31,1
0.631855291517995,0,LacIrep3,31,100000
0.80223922728415,0,LacIrep3,31,300000
1.11625527466432,0,LacIrep3,31,700000
1.33892628547948,0,LacIrep3,31,1000000
1.69508222575446,0,LacIrep3,31,1500000
2.03767667437294,0,LacIrep3,31,2000000
2.69068838439594,0,LacIrep3,31,3000000
3.90269969370258,0,LacIrep3,31,5000000
6.5684754182138,0,LacIrep3,31,10000000
17.2244570486918,0,LacIrep3,31,40000000
35.7431017639892,0,LacIrep3,31,200000000
0.520637154729914,0,LacIrep3,32,1
0.520637154729914,0,LacIrep3,32,100000
0.520637154729914,0,LacIrep3,32,300000
0.520637154729917,0,LacIrep3,32,700000
0.520637154729941,0,LacIrep3,32,1000000
0.520637154730437,0,LacIrep3,32,1500000
0.520637154734229,0,LacIrep3,32,2000000
0.52063715481391,0,LacIrep3,32,3000000
0.520637158240416,0,LacIrep3,32,5000000
0.520637755604186,0,LacIrep3,32,10000000
0.535057086363077,0,LacIrep3,32,40000000
44.0279259818785,0,LacIrep3,32,200000000
0.524652388886553,0,LacIrep3,33,1
0.524652388886553,0,LacIrep3,33,100000
0.524652388886553,0,LacIrep3,33,300000
0.524652388886553,0,LacIrep3,33,700000
0.524652388886558,0,LacIrep3,33,1000000
0.52465238888674,0,LacIrep3,33,1500000
0.524652388889053,0,LacIrep3,33,2000000
0.524652388982528,0,LacIrep3,33,3000000
0.524652397947915,0,LacIrep3,33,5000000
0.524657865254608,0,LacIrep3,33,10000000
1.89828071466697,0,LacIrep3,33,40000000
62.9235676868821,0,LacIrep3,33,200000000
0.525136417758344,0,LacIrep3,34,1
0.52513641782346,0,LacIrep3,34,100000
0.525136423449115,0,LacIrep3,34,300000
0.525136585516788,0,LacIrep3,34,700000
0.525137056175663,0,LacIrep3,34,1000000
0.52513951290818,0,LacIrep3,34,1500000
0.52514605458352,0,LacIrep3,34,2000000
0.525182966302545,0,LacIrep3,34,3000000
0.525471362013017,0,LacIrep3,34,5000000
0.530028870607101,0,LacIrep3,34,10000000
1.54878535060406,0,LacIrep3,34,40000000
56.0010724506372,0,LacIrep3,34,200000000
0.522169189277489,0,LacIrep3,35,1
0.522169189355303,0,LacIrep3,35,100000
0.522169195359785,0,LacIrep3,35,300000
0.522169361068553,0,LacIrep3,35,700000
0.522169902454336,0,LacIrep3,35,1000000
0.522172616413243,0,LacIrep3,35,1500000
0.522179760538211,0,LacIrep3,35,2000000
0.522220248131077,0,LacIrep3,35,3000000
0.522536009811647,0,LacIrep3,35,5000000
0.527521181279718,0,LacIrep3,35,10000000
1.63362287231841,0,LacIrep3,35,40000000
49.5157067416284,0,LacIrep3,35,200000000
0.53048350172195,0,LacIrep3,36,1
0.530483501726164,0,LacIrep3,36,100000
0.530483502558234,0,LacIrep3,36,300000
0.530483539399099,0,LacIrep3,36,700000
0.530483629376163,0,LacIrep3,36,1000000
0.530484690101642,0,LacIrep3,36,1500000
0.530487868973671,0,LacIrep3,36,2000000
0.530509964432487,0,LacIrep3,36,3000000
0.530728032903052,0,LacIrep3,36,5000000
0.535633695241597,0,LacIrep3,36,10000000
2.6524754399565,0,LacIrep3,36,40000000
46.3524712545807,0,LacIrep3,36,200000000
0.561852726364164,0,LacIrep3,37,1
0.561852726364201,0,LacIrep3,37,100000
0.561852726385931,0,LacIrep3,37,300000
0.561852729444056,0,LacIrep3,37,700000
0.561852750892379,0,LacIrep3,37,1000000
0.561852984645765,0,LacIrep3,37,1500000
0.561854115211654,0,LacIrep3,37,2000000
0.561871009444421,0,LacIrep3,37,3000000
0.562180806514145,0,LacIrep3,37,5000000
0.579717966136037,0,LacIrep3,37,10000000
27.1404823493711,0,LacIrep3,37,40000000
52.7764291995554,0,LacIrep3,37,200000000
0.527168520600511,0,LacIrep3,38,1
0.714277219932698,0,LacIrep3,38,100000
1.03131288854729,0,LacIrep3,38,300000
1.58470221768981,0,LacIrep3,38,700000
1.9635244076101,0,LacIrep3,38,1000000
2.55601430005715,0,LacIrep3,38,1500000
3.10896739329343,0,LacIrep3,38,2000000
4.13871840405588,0,LacIrep3,38,3000000
5.96954935973583,0,LacIrep3,38,5000000
9.75134088239355,0,LacIrep3,38,10000000
22.7658945085819,0,LacIrep3,38,40000000
41.1190347715283,0,LacIrep3,38,200000000
0.52085823186933,0,LacIrep3,39,1
0.520858235113893,0,LacIrep3,39,100000
0.520858356620024,0,LacIrep3,39,300000
0.520859940237255,0,LacIrep3,39,700000
0.520863523847631,0,LacIrep3,39,1000000
0.520876815751682,0,LacIrep3,39,1500000
0.520903752368229,0,LacIrep3,39,2000000
0.521017346476749,0,LacIrep3,39,3000000
0.52162787897151,0,LacIrep3,39,5000000
0.527378711532447,0,LacIrep3,39,10000000
0.983631633566344,0,LacIrep3,39,40000000
31.0261192780443,0,LacIrep3,39,200000000
0.520750510358728,0,LacIrep3,40,1
0.520750517316214,0,LacIrep3,40,100000
0.520750772846084,0,LacIrep3,40,300000
0.520754758145651,0,LacIrep3,40,700000
0.520763619562673,0,LacIrep3,40,1000000
0.520799023677083,0,LacIrep3,40,1500000
0.520872740595698,0,LacIrep3,40,2000000
0.521199461173069,0,LacIrep3,40,3000000
0.523060079411058,0,LacIrep3,40,5000000
0.542037408766512,0,LacIrep3,40,10000000
2.26661751109222,0,LacIrep3,40,40000000
44.8563301107812,0,LacIrep3,40,200000000
0.523404493699032,0,LacIrep3,41,1
0.523404500012745,0,LacIrep3,41,100000
0.523405007680637,0,LacIrep3,41,300000
0.523419375986766,0,LacIrep3,41,700000
0.523462756984684,0,LacIrep3,41,1000000
0.523685958621237,0,LacIrep3,41,1500000
0.524266908661503,0,LacIrep3,41,2000000
0.527556679977817,0,LacIrep3,41,3000000
0.553532223807265,0,LacIrep3,41,5000000
0.961389176122372,0,LacIrep3,41,10000000
36.2748866107225,0,LacIrep3,41,40000000
57.8684410609005,0,LacIrep3,41,200000000
0.550894052742074,0,LacIrep3,42,1
0.550894052742074,0,LacIrep3,42,100000
0.550894052742075,0,LacIrep3,42,300000
0.550894052742236,0,LacIrep3,42,700000
0.55089405274381,0,LacIrep3,42,1000000
0.550894052767038,0,LacIrep3,42,1500000
0.550894052907108,0,LacIrep3,42,2000000
0.550894055091009,0,LacIrep3,42,3000000
0.55089411885455,0,LacIrep3,42,5000000
0.550899822197175,0,LacIrep3,42,10000000
0.599262795142044,0,LacIrep3,42,40000000
44.6746392736157,0,LacIrep3,42,200000000
0.52412076361023,0,LacIrep3,43,1
0.52412076361023,0,LacIrep3,43,100000
0.524120763610389,0,LacIrep3,43,300000
0.524120763632933,0,LacIrep3,43,700000
0.524120763787563,0,LacIrep3,43,1000000
0.524120765420708,0,LacIrep3,43,1500000
0.524120762066971,0,LacIrep3,43,2000000
0.524120857120303,0,LacIrep3,43,3000000
0.524122538305122,0,LacIrep3,43,5000000
0.524211330129195,0,LacIrep3,43,10000000
0.756815508331841,0,LacIrep3,43,40000000
50.0566628714706,0,LacIrep3,43,200000000
0.541251156275199,0,LacIrep3,44,1
0.541251156275199,0,LacIrep3,44,100000
0.541251156275199,0,LacIrep3,44,300000
0.541251156275235,0,LacIrep3,44,700000
0.541251156275701,0,LacIrep3,44,1000000
0.541251156284881,0,LacIrep3,44,1500000
0.541251156353953,0,LacIrep3,44,2000000
0.541251157782127,0,LacIrep3,44,3000000
0.541251218176919,0,LacIrep3,44,5000000
0.541261598584716,0,LacIrep3,44,10000000
0.786886371712913,0,LacIrep3,44,40000000
63.1758111425028,0,LacIrep3,44,200000000
0.531819229966155,0,LacIrep3,45,1
0.531819229966155,0,LacIrep3,45,100000
0.53181922996617,0,LacIrep3,45,300000
0.53181922996832,0,LacIrep3,45,700000
0.531819229983257,0,LacIrep3,45,1000000
0.531819230142991,0,LacIrep3,45,1500000
0.531819230888094,0,LacIrep3,45,2000000
0.531819239350009,0,LacIrep3,45,3000000
0.531819393424058,0,LacIrep3,45,5000000
0.531828830731721,0,LacIrep3,45,10000000
0.557343534903748,0,LacIrep3,45,40000000
46.8151515130062,0,LacIrep3,45,200000000
0.521486408347777,0,LacIrep3,46,1
0.5214864394795,0,LacIrep3,46,100000
0.521487377850665,0,LacIrep3,46,300000
0.521497464642603,0,LacIrep3,46,700000
0.521516450277484,0,LacIrep3,46,1000000
0.521580021759103,0,LacIrep3,46,1500000
0.521694215997147,0,LacIrep3,46,2000000
0.522122975902064,0,LacIrep3,46,3000000
0.524106720603014,0,LacIrep3,46,5000000
0.539138096699318,0,LacIrep3,46,10000000
1.30766297795937,0,LacIrep3,46,40000000
28.6268230272155,0,LacIrep3,46,200000000
0.521128972734154,0,LacIrep3,47,1
0.521128973743791,0,LacIrep3,47,100000
0.521129042296542,0,LacIrep3,47,300000
0.521130689636848,0,LacIrep3,47,700000
0.521135438655249,0,LacIrep3,47,1000000
0.521158218739478,0,LacIrep3,47,1500000
0.52121378837236,0,LacIrep3,47,2000000
0.521508658798106,0,LacIrep3,47,3000000
0.523643764263134,0,LacIrep3,47,5000000
0.553754823255691,0,LacIrep3,47,10000000
5.43572275294748,0,LacIrep3,47,40000000
46.3897859625968,0,LacIrep3,47,200000000
0.520768855236946,0,LacIrep3,48,1
0.520768855236979,0,LacIrep3,48,100000
0.52076885524305,0,LacIrep3,48,300000
0.520768855523604,0,LacIrep3,48,700000
0.520768856660134,0,LacIrep3,48,1000000
0.520768863970352,0,LacIrep3,48,1500000
0.520768888558025,0,LacIrep3,48,2000000
0.520769059815502,0,LacIrep3,48,3000000
0.520770923514607,0,LacIrep3,48,5000000
0.520813101831986,0,LacIrep3,48,10000000
0.541549530869257,0,LacIrep3,48,40000000
18.4908264490565,0,LacIrep3,48,200000000
0.520775791715343,0,LacIrep3,49,1
0.520775791715343,0,LacIrep3,49,100000
0.520775791715343,0,LacIrep3,49,300000
0.520775791715343,0,LacIrep3,49,700000
0.520775791715345,0,LacIrep3,49,1000000
0.52077579171546,0,LacIrep3,49,1500000
0.520775791717316,0,LacIrep3,49,2000000
0.520775791819941,0,LacIrep3,49,3000000
0.520775859064396,0,LacIrep3,49,5000000
0.520803768983645,0,LacIrep3,49,10000000
15.3995250148844,0,LacIrep3,49,40000000
50.4423851629377,0,LacIrep3,49,200000000
0.52337111607463,0,LacIrep3,50,1
0.523389624747484,0,LacIrep3,50,100000
0.523577900474558,0,LacIrep3,50,300000
0.524637907135749,0,LacIrep3,50,700000
0.526078707628499,0,LacIrep3,50,1000000
0.529774239764422,0,LacIrep3,50,1500000
0.535151152192127,0,LacIrep3,50,2000000
0.551138797178885,0,LacIrep3,50,3000000
0.605151371080404,0,LacIrep3,50,5000000
0.875453088018845,0,LacIrep3,50,10000000
6.34442482363233,0,LacIrep3,50,40000000
38.8965288970145,0,LacIrep3,50,200000000
0.531930774221079,0,LacIrep3,51,1
0.531931075068378,0,LacIrep3,51,100000
0.531940064636697,0,LacIrep3,51,300000
0.532053724961209,0,LacIrep3,51,700000
0.532289776847677,0,LacIrep3,51,1000000
0.533151045207994,0,LacIrep3,51,1500000
0.534845635293756,0,LacIrep3,51,2000000
0.5418314271487,0,LacIrep3,51,3000000
0.578141718695246,0,LacIrep3,51,5000000
0.902865283905489,0,LacIrep3,51,10000000
16.588085548323,0,LacIrep3,51,40000000
46.8270751062093,0,LacIrep3,51,200000000
0.522764239532086,0,LacIrep3,52,1
0.522764239532086,0,LacIrep3,52,100000
0.522764239532086,0,LacIrep3,52,300000
0.522764239532092,0,LacIrep3,52,700000
0.522764239532148,0,LacIrep3,52,1000000
0.52276423953295,0,LacIrep3,52,1500000
0.522764239537632,0,LacIrep3,52,2000000
0.522764239607955,0,LacIrep3,52,3000000
0.522764241570322,0,LacIrep3,52,5000000
0.522764400199428,0,LacIrep3,52,10000000
0.524004749716621,0,LacIrep3,52,40000000
21.7396549802237,0,LacIrep3,52,200000000
0.52321670216627,0,LacIrep3,53,1
0.523216725544937,0,LacIrep3,53,100000
0.523217496628927,0,LacIrep3,53,300000
0.523227569712426,0,LacIrep3,53,700000
0.5232483924907,0,LacIrep3,53,1000000
0.523325231790106,0,LacIrep3,53,1500000
0.523472177435578,0,LacIrep3,53,2000000
0.524084054731131,0,LacIrep3,53,3000000
0.527253900446797,0,LacIrep3,53,5000000
0.55572310962776,0,LacIrep3,53,10000000
2.53669760536119,0,LacIrep3,53,40000000
40.614610701268,0,LacIrep3,53,200000000
0.532015113932712,0,LacIrep3,54,1
0.532015142446765,0,LacIrep3,54,100000
0.532016390188028,0,LacIrep3,54,300000
0.532036565694452,0,LacIrep3,54,700000
0.532084930389119,0,LacIrep3,54,1000000
0.532279633856571,0,LacIrep3,54,1500000
0.532690509948702,0,LacIrep3,54,2000000
0.53453995227628,0,LacIrep3,54,3000000
0.545267120773371,0,LacIrep3,54,5000000
0.657570692154642,0,LacIrep3,54,10000000
9.84179001305278,0,LacIrep3,54,40000000
52.5416367755962,0,LacIrep3,54,200000000
0.533073938917228,0,LacIrep3,55,1
0.533073938917228,0,LacIrep3,55,100000
0.533073938917342,0,LacIrep3,55,300000
0.533073938927622,0,LacIrep3,55,700000
0.533073938984479,0,LacIrep3,55,1000000
0.533073939472125,0,LacIrep3,55,1500000
0.53307394138351,0,LacIrep3,55,2000000
0.533073958986912,0,LacIrep3,55,3000000
0.533074215715446,0,LacIrep3,55,5000000
0.533084198987447,0,LacIrep3,55,10000000
0.545823600405525,0,LacIrep3,55,40000000
25.621794830937,0,LacIrep3,55,200000000
0.527128973649805,0,LacIrep3,56,1
0.527130108070171,0,LacIrep3,56,100000
0.527154962695626,0,LacIrep3,56,300000
0.52739526449164,0,LacIrep3,56,700000
0.527831222833207,0,LacIrep3,56,1000000
0.529269625431201,0,LacIrep3,56,1500000
0.531820405626913,0,LacIrep3,56,2000000
0.541308665141052,0,LacIrep3,56,3000000
0.584088271191415,0,LacIrep3,56,5000000
0.901569644710605,0,LacIrep3,56,10000000
13.2087587946399,0,LacIrep3,56,40000000
54.0978384343701,0,LacIrep3,56,200000000
0.520538606421982,0,LacIrep3,57,1
0.520539659609729,0,LacIrep3,57,100000
0.520556580135417,0,LacIrep3,57,300000
0.520689887215076,0,LacIrep3,57,700000
0.520900035885781,0,LacIrep3,57,1000000
0.521506954671181,0,LacIrep3,57,1500000
0.522484018153299,0,LacIrep3,57,2000000
0.525725860318121,0,LacIrep3,57,3000000
0.538396544656212,0,LacIrep3,57,5000000
0.615326110633883,0,LacIrep3,57,10000000
3.06830417870001,0,LacIrep3,57,40000000
37.4276601916547,0,LacIrep3,57,200000000
0.536101225474964,0,LacIrep3,58,1
0.536101225474964,0,LacIrep3,58,100000
0.536101225475032,0,LacIrep3,58,300000
0.536101225485345,0,LacIrep3,58,700000
0.536101225559523,0,LacIrep3,58,1000000
0.536101226385223,0,LacIrep3,58,1500000
0.536101230370631,0,LacIrep3,58,2000000
0.536101277719931,0,LacIrep3,58,3000000
0.536102300725664,0,LacIrep3,58,5000000
0.536166077189317,0,LacIrep3,58,10000000
0.738577894116579,0,LacIrep3,58,40000000
53.6408183017925,0,LacIrep3,58,200000000
0.523664869929222,0,LacIrep3,59,1
0.523664869929222,0,LacIrep3,59,100000
0.523664869929222,0,LacIrep3,59,300000
0.523664869929222,0,LacIrep3,59,700000
0.523664869929228,0,LacIrep3,59,1000000
0.523664869929461,0,LacIrep3,59,1500000
0.523664869932482,0,LacIrep3,59,2000000
0.523664870057697,0,LacIrep3,59,3000000
0.523664886925194,0,LacIrep3,59,5000000
0.523674306298198,0,LacIrep3,59,10000000
3.01773411294091,0,LacIrep3,59,40000000
50.9931986086865,0,LacIrep3,59,200000000
0.527011230683013,0,LacIrep3,60,1
0.527011230683014,0,LacIrep3,60,100000
0.527011230683202,0,LacIrep3,60,300000
0.527011230708058,0,LacIrep3,60,700000
0.52701123087486,0,LacIrep3,60,1000000
0.527011232607042,0,LacIrep3,60,1500000
0.527011240519336,0,LacIrep3,60,2000000
0.527011328869193,0,LacIrep3,60,3000000
0.527013097442364,0,LacIrep3,60,5000000
0.527106842069079,0,LacIrep3,60,10000000
0.764699194866155,0,LacIrep3,60,40000000
48.7087395511363,0,LacIrep3,60,200000000
0.531847018926212,0,LacIrep3,61,1
0.531847018926785,0,LacIrep3,61,100000
0.531847019183039,0,LacIrep3,61,300000
0.531847045255338,0,LacIrep3,61,700000
0.531847200248027,0,LacIrep3,61,1000000
0.531848679586705,0,LacIrep3,61,1500000
0.531855227107773,0,LacIrep3,61,2000000
0.531920008888903,0,LacIrep3,61,3000000
0.533007481160152,0,LacIrep3,61,5000000
0.581685673833479,0,LacIrep3,61,10000000
30.7388459252871,0,LacIrep3,61,40000000
45.8250607029064,0,LacIrep3,61,200000000
0.521982956827966,0,LacIrep3,62,1
0.521990309862859,0,LacIrep3,62,100000
0.522103627396402,0,LacIrep3,62,300000
0.522986596264869,0,LacIrep3,62,700000
0.524420541581992,0,LacIrep3,62,1000000
0.528665047662394,0,LacIrep3,62,1500000
0.535634601556364,0,LacIrep3,62,2000000
0.559311611041888,0,LacIrep3,62,3000000
0.654299463140164,0,LacIrep3,62,5000000
1.24976975955592,0,LacIrep3,62,10000000
15.8512717352381,0,LacIrep3,62,40000000
44.9208685693151,0,LacIrep3,62,200000000
0.563837743480414,0,LacIrep3,63,1
0.56383774348041,0,LacIrep3,63,100000
0.563837743507873,0,LacIrep3,63,300000
0.563837748127601,0,LacIrep3,63,700000
0.563837783329041,0,LacIrep3,63,1000000
0.563838199836632,0,LacIrep3,63,1500000
0.563840313747828,0,LacIrep3,63,2000000
0.563867246778951,0,LacIrep3,63,3000000
0.564470978105283,0,LacIrep3,63,5000000
0.604447372352596,0,LacIrep3,63,10000000
45.2649545858366,0,LacIrep3,63,40000000
61.9435193724342,0,LacIrep3,63,200000000
0.522087526490668,0,LacIrep3,64,1
0.522087526490673,0,LacIrep3,64,100000
0.522087526492687,0,LacIrep3,64,300000
0.52208752668903,0,LacIrep3,64,700000
0.522087527842538,0,LacIrep3,64,1000000
0.522087538410121,0,LacIrep3,64,1500000
0.522087588008406,0,LacIrep3,64,2000000
0.52208804878411,0,LacIrep3,64,3000000
0.522095828260504,0,LacIrep3,64,5000000
0.522421295109335,0,LacIrep3,64,10000000
1.06702004290517,0,LacIrep3,64,40000000
54.0002937587271,0,LacIrep3,64,200000000
0.524930063818783,0,LacIrep3,65,1
0.524930063819838,0,LacIrep3,65,100000
0.524930063920531,0,LacIrep3,65,300000
0.524930066636766,0,LacIrep3,65,700000
0.524930198044529,0,LacIrep3,65,1000000
0.524930266534554,0,LacIrep3,65,1500000
0.524930446723108,0,LacIrep3,65,2000000
0.524931445770175,0,LacIrep3,65,3000000
0.524939221109997,0,LacIrep3,65,5000000
0.525056132869118,0,LacIrep3,65,10000000
0.549480074152468,0,LacIrep3,65,40000000
9.77444030037068,0,LacIrep3,65,200000000
0.538651704854266,0,LacIrep3,66,1
0.538651704854266,0,LacIrep3,66,100000
0.538651704854266,0,LacIrep3,66,300000
0.538651704854267,0,LacIrep3,66,700000
0.538651704854267,0,LacIrep3,66,1000000
0.53865170485429,0,LacIrep3,66,1500000
0.538651704854493,0,LacIrep3,66,2000000
0.538651704859544,0,LacIrep3,66,3000000
0.538651705131086,0,LacIrep3,66,5000000
0.538651764263021,0,LacIrep3,66,10000000
0.541596484740144,0,LacIrep3,66,40000000
57.162102843068,0,LacIrep3,66,200000000
0.522729891771322,0,LacIrep3,67,1
0.522729891771322,0,LacIrep3,67,100000
0.522729891771322,0,LacIrep3,67,300000
0.522729891771322,0,LacIrep3,67,700000
0.522729891771322,0,LacIrep3,67,1000000
0.522729891771322,0,LacIrep3,67,1500000
0.522729891771324,0,LacIrep3,67,2000000
0.522729891771387,0,LacIrep3,67,3000000
0.522729891780287,0,LacIrep3,67,5000000
0.522729898976928,0,LacIrep3,67,10000000
0.527469742702609,0,LacIrep3,67,40000000
48.0639195314595,0,LacIrep3,67,200000000
0.525074714658696,0,LacIrep3,68,1
0.525074714658696,0,LacIrep3,68,100000
0.525074714658702,0,LacIrep3,68,300000
0.525074714660217,0,LacIrep3,68,700000
0.525074714674057,0,LacIrep3,68,1000000
0.525074714870288,0,LacIrep3,68,1500000
0.525074716015219,0,LacIrep3,68,2000000
0.525074733146655,0,LacIrep3,68,3000000
0.525075299616589,0,LacIrep3,68,5000000
0.52510811287177,0,LacIrep3,68,10000000
0.775214170577411,0,LacIrep3,68,40000000
56.4857979690183,0,LacIrep3,68,200000000
0.522359096383874,0,LacIrep3,69,1
0.522359096383909,0,LacIrep3,69,100000
0.522359096402051,0,LacIrep3,69,300000
0.522359098510793,0,LacIrep3,69,700000
0.522359112066438,0,LacIrep3,69,1000000
0.522359245369532,0,LacIrep3,69,1500000
0.522359849650846,0,LacIrep3,69,2000000
0.522366575019576,0,LacIrep3,69,3000000
0.522487041286355,0,LacIrep3,69,5000000
0.528477790528098,0,LacIrep3,69,10000000
11.4994652303645,0,LacIrep3,69,40000000
51.2217391137529,0,LacIrep3,69,200000000
0.530682796411269,0,LacIrep3,70,1
0.5306827964118,0,LacIrep3,70,100000
0.530682796556061,0,LacIrep3,70,300000
0.530682806866146,0,LacIrep3,70,700000
0.530682856972833,0,LacIrep3,70,1000000
0.530683306388476,0,LacIrep3,70,1500000
0.530685010494163,0,LacIrep3,70,2000000
0.53069984039867,0,LacIrep3,70,3000000
0.530908889093255,0,LacIrep3,70,5000000
0.538099498406134,0,LacIrep3,70,10000000
7.45300666424843,0,LacIrep3,70,40000000
55.5029255072784,0,LacIrep3,70,200000000
0.52625275314491,0,LacIrep3,71,1
0.526252809390954,0,LacIrep3,71,100000
0.52625585503067,0,LacIrep3,71,300000
0.526291904481301,0,LacIrep3,71,700000
0.526366395263071,0,LacIrep3,71,1000000
0.526640039226857,0,LacIrep3,71,1500000
0.527166086318833,0,LacIrep3,71,2000000
0.52931565327158,0,LacIrep3,71,3000000
0.540265319688984,0,LacIrep3,71,5000000
0.636280390415967,0,LacIrep3,71,10000000
6.65590397836788,0,LacIrep3,71,40000000
60.031499299418,0,LacIrep3,71,200000000
0.559867504302548,0,LacIrep3,72,1
0.55986750455427,0,LacIrep3,72,100000
0.55986755385926,0,LacIrep3,72,300000
0.559870238042239,0,LacIrep3,72,700000
0.559881907611441,0,LacIrep3,72,1000000
0.559966450171292,0,LacIrep3,72,1500000
0.560248272922587,0,LacIrep3,72,2000000
0.562401541520424,0,LacIrep3,72,3000000
0.587557817480484,0,LacIrep3,72,5000000
1.26099225861377,0,LacIrep3,72,10000000
47.2347547621758,0,LacIrep3,72,40000000
52.4184623895962,0,LacIrep3,72,200000000
0.523130344513234,0,LacIrep3,73,1
0.523130371021591,0,LacIrep3,73,100000
0.523131780046945,0,LacIrep3,73,300000
0.523152209344165,0,LacIrep3,73,700000
0.523198259303634,0,LacIrep3,73,1000000
0.523378734616005,0,LacIrep3,73,1500000
0.523752460421286,0,LacIrep3,73,2000000
0.525385590941717,0,LacIrep3,73,3000000
0.534543459910142,0,LacIrep3,73,5000000
0.625915243291945,0,LacIrep3,73,10000000
7.83087517617799,0,LacIrep3,73,40000000
56.7349397015522,0,LacIrep3,73,200000000
0.523682875600249,0,LacIrep3,74,1
0.523691509655555,0,LacIrep3,74,100000
0.52385719026911,0,LacIrep3,74,300000
0.525409096260719,0,LacIrep3,74,700000
0.528192037877731,0,LacIrep3,74,1000000
0.537098347694684,0,LacIrep3,74,1500000
0.55271988881108,0,LacIrep3,74,2000000
0.609833293585446,0,LacIrep3,74,3000000
0.861467807404584,0,LacIrep3,74,5000000
2.62455625354948,0,LacIrep3,74,10000000
36.2009726157611,0,LacIrep3,74,40000000
59.3035045523379,0,LacIrep3,74,200000000
0.53767740987693,0,LacIrep3,75,1
0.537677501590474,0,LacIrep3,75,100000
0.537679630670182,0,LacIrep3,75,300000
0.537699262385058,0,LacIrep3,75,700000
0.537736002477782,0,LacIrep3,75,1000000
0.53784921961743,0,LacIrep3,75,1500000
0.538041761386613,0,LacIrep3,75,2000000
0.538751382434122,0,LacIrep3,75,3000000
0.54182321653282,0,LacIrep3,75,5000000
0.563559646873599,0,LacIrep3,75,10000000
1.52587067310705,0,LacIrep3,75,40000000
30.5663798910449,0,LacIrep3,75,200000000
0.521382573742375,0,LacIrep3,76,1
0.521390456708635,0,LacIrep3,76,100000
0.521461466761315,0,LacIrep3,76,300000
0.521809670231081,0,LacIrep3,76,700000
0.522244467335697,0,LacIrep3,76,1000000
0.52328978029482,0,LacIrep3,76,1500000
0.524729434534289,0,LacIrep3,76,2000000
0.52876330806733,0,LacIrep3,76,3000000
0.541333712681432,0,LacIrep3,76,5000000
0.598140398868274,0,LacIrep3,76,10000000
1.63468059035784,0,LacIrep3,76,40000000
18.5266205707224,0,LacIrep3,76,200000000
0.529100268490032,0,LacIrep3,77,1
0.529100297770236,0,LacIrep3,77,100000
0.529101511893513,0,LacIrep3,77,300000
0.529121949827545,0,LacIrep3,77,700000
0.529171615776246,0,LacIrep3,77,1000000
0.529376980176779,0,LacIrep3,77,1500000
0.529819677662476,0,LacIrep3,77,2000000
0.531878717007231,0,LacIrep3,77,3000000
0.544271034541288,0,LacIrep3,77,5000000
0.680591134751856,0,LacIrep3,77,10000000
12.2857249929933,0,LacIrep3,77,40000000
51.6416662456731,0,LacIrep3,77,200000000
0.523421298534871,0,LacIrep3,78,1
0.523421298534892,0,LacIrep3,78,100000
0.523421298547403,0,LacIrep3,78,300000
0.523421300058323,0,LacIrep3,78,700000
0.523421309888255,0,LacIrep3,78,1000000
0.523421406870156,0,LacIrep3,78,1500000
0.523421860811753,0,LacIrep3,78,2000000
0.523426856714875,0,LacIrep3,78,3000000
0.523520876047174,0,LacIrep3,78,5000000
0.528255791188936,0,LacIrep3,78,10000000
10.057214409779,0,LacIrep3,78,40000000
58.5609770494455,0,LacIrep3,78,200000000
0.535222838202133,0,LacIrep3,79,1
0.535230049719109,0,LacIrep3,79,100000
0.53538696326629,0,LacIrep3,79,300000
0.536883725855858,0,LacIrep3,79,700000
0.53962034719813,0,LacIrep3,79,1000000
0.548466520898273,0,LacIrep3,79,1500000
0.564179715220533,0,LacIrep3,79,2000000
0.622208908166166,0,LacIrep3,79,3000000
0.881742282761194,0,LacIrep3,79,5000000
2.72225231065967,0,LacIrep3,79,10000000
34.9080405924632,0,LacIrep3,79,40000000
53.2529826718831,0,LacIrep3,79,200000000
0.527300532801361,0,LacIrep3,80,1
0.527300532801361,0,LacIrep3,80,100000
0.527300532801362,0,LacIrep3,80,300000
0.527300532801606,0,LacIrep3,80,700000
0.527300532803397,0,LacIrep3,80,1000000
0.527300532823656,0,LacIrep3,80,1500000
0.527300532922321,0,LacIrep3,80,2000000
0.527300534103925,0,LacIrep3,80,3000000
0.527300558590567,0,LacIrep3,80,5000000
0.527301882793945,0,LacIrep3,80,10000000
0.53174751161732,0,LacIrep3,80,40000000
26.4627055441931,0,LacIrep3,80,200000000
0.523801964372146,0,LacIrep3,81,1
0.523805883219633,0,LacIrep3,81,100000
0.523873199693113,0,LacIrep3,81,300000
0.524415246365653,0,LacIrep3,81,700000
0.525303396190497,0,LacIrep3,81,1000000
0.527927214624048,0,LacIrep3,81,1500000
0.532238230122843,0,LacIrep3,81,2000000
0.546883394370559,0,LacIrep3,81,3000000
0.605593037133092,0,LacIrep3,81,5000000
0.975852218427264,0,LacIrep3,81,10000000
11.8492604934389,0,LacIrep3,81,40000000
55.0074841834912,0,LacIrep3,81,200000000
0.521085675458602,0,LacIrep3,82,1
0.521085675458602,0,LacIrep3,82,100000
0.521085675458616,0,LacIrep3,82,300000
0.521085675461181,0,LacIrep3,82,700000
0.521085675481063,0,LacIrep3,82,1000000
0.52108567572017,0,LacIrep3,82,1500000
0.521085676948076,0,LacIrep3,82,2000000
0.521085694756874,0,LacIrep3,82,3000000
0.521086047905746,0,LacIrep3,82,5000000
0.521110009946699,0,LacIrep3,82,10000000
0.62661189000354,0,LacIrep3,82,40000000
56.4731628918241,0,LacIrep3,82,200000000
0.526193160350557,0,LacIrep3,83,1
0.526193160365452,0,LacIrep3,83,100000
0.526193163086108,0,LacIrep3,83,300000
0.526193294550306,0,LacIrep3,83,700000
0.526194210599094,0,LacIrep3,83,1000000
0.526198357992053,0,LacIrep3,83,1500000
0.526211804066814,0,LacIrep3,83,2000000
0.526305934269218,0,LacIrep3,83,3000000
0.527329684002153,0,LacIrep3,83,5000000
0.551935677184269,0,LacIrep3,83,10000000
11.3129066258747,0,LacIrep3,83,40000000
60.3243201465443,0,LacIrep3,83,200000000
0.527783982691029,0,LacIrep3,84,1
0.527958501842442,0,LacIrep3,84,100000
0.529280423885402,0,LacIrep3,84,300000
0.535337782461536,0,LacIrep3,84,700000
0.542672902078113,0,LacIrep3,84,1000000
0.559897239408013,0,LacIrep3,84,1500000
0.583124784405812,0,LacIrep3,84,2000000
0.647102692396814,0,LacIrep3,84,3000000
0.839149346915773,0,LacIrep3,84,5000000
1.66370479649515,0,LacIrep3,84,10000000
12.7991846506234,0,LacIrep3,84,40000000
46.8369107073418,0,LacIrep3,84,200000000
0.521563438320593,0,LacIrep3,85,1
0.521780585781476,0,LacIrep3,85,100000
0.52339884274224,0,LacIrep3,85,300000
0.530637928310462,0,LacIrep3,85,700000
0.53926863189365,0,LacIrep3,85,1000000
0.559281291481019,0,LacIrep3,85,1500000
0.586054425138356,0,LacIrep3,85,2000000
0.65851893530383,0,LacIrep3,85,3000000
0.874072051755869,0,LacIrep3,85,5000000
1.77563162029423,0,LacIrep3,85,10000000
13.098931636404,0,LacIrep3,85,40000000
43.5265426110363,0,LacIrep3,85,200000000
0.520179904320403,0,LacIrep3,86,1
0.52017990462787,0,LacIrep3,86,100000
0.520179925857036,0,LacIrep3,86,300000
0.520180435684846,0,LacIrep3,86,700000
0.520181952441927,0,LacIrep3,86,1000000
0.520189345785646,0,LacIrep3,86,1500000
0.520207617295098,0,LacIrep3,86,2000000
0.520306327578636,0,LacIrep3,86,3000000
0.521034181905421,0,LacIrep3,86,5000000
0.531588442615955,0,LacIrep3,86,10000000
2.47962075079043,0,LacIrep3,86,40000000
54.6773438996924,0,LacIrep3,86,200000000
0.520475407977471,0,LacIrep3,87,1
0.541832155703863,0,LacIrep3,87,100000
0.608421497059278,0,LacIrep3,87,300000
0.777387075955809,0,LacIrep3,87,700000
0.922783725750825,0,LacIrep3,87,1000000
1.189158145837,0,LacIrep3,87,1500000
1.47641237104074,0,LacIrep3,87,2000000
2.09441990446198,0,LacIrep3,87,3000000
3.44661824782066,0,LacIrep3,87,5000000
7.07732898391639,0,LacIrep3,87,10000000
25.3655716607796,0,LacIrep3,87,40000000
51.5979642087105,0,LacIrep3,87,200000000
0.556254467370947,0,LacIrep3,88,1
0.556254467370947,0,LacIrep3,88,100000
0.556254467370947,0,LacIrep3,88,300000
0.556254467371012,0,LacIrep3,88,700000
0.556254467371815,0,LacIrep3,88,1000000
0.556254467387328,0,LacIrep3,88,1500000
0.556254467502244,0,LacIrep3,88,2000000
0.556254469831836,0,LacIrep3,88,3000000
0.556254565715189,0,LacIrep3,88,5000000
0.556270358711828,0,LacIrep3,88,10000000
0.90573767420604,0,LacIrep3,88,40000000
51.8621335396876,0,LacIrep3,88,200000000
0.526668852739524,0,LacIrep3,89,1
0.526668852739508,0,LacIrep3,89,100000
0.5266688527397,0,LacIrep3,89,300000
0.526668852762365,0,LacIrep3,89,700000
0.526668852907248,0,LacIrep3,89,1000000
0.526668854349547,0,LacIrep3,89,1500000
0.526668860711711,0,LacIrep3,89,2000000
0.526669118246856,0,LacIrep3,89,3000000
0.526671511546303,0,LacIrep3,89,5000000
0.526780350733158,0,LacIrep3,89,10000000
0.772141396018915,0,LacIrep3,89,40000000
56.4930554174624,0,LacIrep3,89,200000000
0.522294178981682,0,LacIrep3,90,1
0.522294178982659,0,LacIrep3,90,100000
0.522294179181129,0,LacIrep3,90,300000
0.522294189155353,0,LacIrep3,90,700000
0.522294234038773,0,LacIrep3,90,1000000
0.522294534754347,0,LacIrep3,90,1500000
0.522295536683563,0,LacIrep3,90,2000000
0.522302919768993,0,LacIrep3,90,3000000
0.522381438023089,0,LacIrep3,90,5000000
0.524316592722712,0,LacIrep3,90,10000000
1.58498690930629,0,LacIrep3,90,40000000
49.9965835733176,0,LacIrep3,90,200000000
0.521416476533635,0,LacIrep3,91,1
0.5214225109998,0,LacIrep3,91,100000
0.521527530834037,0,LacIrep3,91,300000
0.522409081696877,0,LacIrep3,91,700000
0.523897632429958,0,LacIrep3,91,1000000
0.528402804570574,0,LacIrep3,91,1500000
0.535960594079175,0,LacIrep3,91,2000000
0.562327934133777,0,LacIrep3,91,3000000
0.671209127988388,0,LacIrep3,91,5000000
1.38220061044162,0,LacIrep3,91,10000000
18.8240122540629,0,LacIrep3,91,40000000
46.9264005482721,0,LacIrep3,91,200000000
0.522956696038862,0,LacIrep3,92,1
0.522956696039466,0,LacIrep3,92,100000
0.522956696115661,0,LacIrep3,92,300000
0.522956698659301,0,LacIrep3,92,700000
0.522956707351695,0,LacIrep3,92,1000000
0.522956747672735,0,LacIrep3,92,1500000
0.522956869646231,0,LacIrep3,92,2000000
0.522957625578761,0,LacIrep3,92,3000000
0.522964191418523,0,LacIrep3,92,5000000
0.523079742202966,0,LacIrep3,92,10000000
0.556240050428787,0,LacIrep3,92,40000000
15.9806497831128,0,LacIrep3,92,200000000
0.521718971994585,0,LacIrep3,93,1
0.521719030353979,0,LacIrep3,93,100000
0.521721051200183,0,LacIrep3,93,300000
0.521751942496436,0,LacIrep3,93,700000
0.521824333726305,0,LacIrep3,93,1000000
0.522112396046715,0,LacIrep3,93,1500000
0.522720793361415,0,LacIrep3,93,2000000
0.52545452421207,0,LacIrep3,93,3000000
0.541307217937435,0,LacIrep3,93,5000000
0.706650256609295,0,LacIrep3,93,10000000
13.0429308129079,0,LacIrep3,93,40000000
50.6314342510863,0,LacIrep3,93,200000000
0.521588476766002,0,LacIrep3,94,1
0.521588478687307,0,LacIrep3,94,100000
0.521588555774258,0,LacIrep3,94,300000
0.521589723801944,0,LacIrep3,94,700000
0.521592323293254,0,LacIrep3,94,1000000
0.521602023512499,0,LacIrep3,94,1500000
0.521621749710861,0,LacIrep3,94,2000000
0.521709362258266,0,LacIrep3,94,3000000
0.522190517015289,0,LacIrep3,94,5000000
0.52690510136328,0,LacIrep3,94,10000000
0.930798039069355,0,LacIrep3,94,40000000
26.9337566118768,0,LacIrep3,94,200000000
0.56023841765909,0,LacIrep3,95,1
0.560238417659124,0,LacIrep3,95,100000
0.560238417667087,0,LacIrep3,95,300000
0.560238418332511,0,LacIrep3,95,700000
0.56023842196327,0,LacIrep3,95,1000000
0.560238452949078,0,LacIrep3,95,1500000
0.560238574280135,0,LacIrep3,95,2000000
0.56023965631791,0,LacIrep3,95,3000000
0.560256621569336,0,LacIrep3,95,5000000
0.560898108010423,0,LacIrep3,95,10000000
1.40386117922582,0,LacIrep3,95,40000000
60.3136426862413,0,LacIrep3,95,200000000
0.52365581393459,0,LacIrep3,96,1
0.52365581393459,0,LacIrep3,96,100000
0.52365581393459,0,LacIrep3,96,300000
0.523655813934618,0,LacIrep3,96,700000
0.52365581393486,0,LacIrep3,96,1000000
0.523655813937949,0,LacIrep3,96,1500000
0.523655813954761,0,LacIrep3,96,2000000
0.523655814185394,0,LacIrep3,96,3000000
0.523655819865206,0,LacIrep3,96,5000000
0.523656728115095,0,LacIrep3,96,10000000
0.527946307962729,0,LacIrep3,96,40000000
28.2108870070177,0,LacIrep3,96,200000000
0.520615314942315,0,LacIrep3,97,1
0.520615314942315,0,LacIrep3,97,100000
0.520615314942315,0,LacIrep3,97,300000
0.520615314942315,0,LacIrep3,97,700000
0.520615314942317,0,LacIrep3,97,1000000
0.520615314942401,0,LacIrep3,97,1500000
0.520615314943384,0,LacIrep3,97,2000000
0.520615314979266,0,LacIrep3,97,3000000
0.52061531813455,0,LacIrep3,97,5000000
0.520616750306583,0,LacIrep3,97,10000000
0.778445566979159,0,LacIrep3,97,40000000
49.9537827183828,0,LacIrep3,97,200000000
0.533862613403707,0,LacIrep3,98,1
0.533862613403716,0,LacIrep3,98,100000
0.5338626134067,0,LacIrep3,98,300000
0.533862613600264,0,LacIrep3,98,700000
0.533862614513874,0,LacIrep3,98,1000000
0.533862621252149,0,LacIrep3,98,1500000
0.533862644640614,0,LacIrep3,98,2000000
0.533862827549111,0,LacIrep3,98,3000000
0.533865226296054,0,LacIrep3,98,5000000
0.533933177505729,0,LacIrep3,98,10000000
0.586193248513711,0,LacIrep3,98,40000000
36.0064582732217,0,LacIrep3,98,200000000
0.52686258291511,0,LacIrep3,99,1
0.526862582915118,0,LacIrep3,99,100000
0.526862582916666,0,LacIrep3,99,300000
0.526862583004793,0,LacIrep3,99,700000
0.526862583394358,0,LacIrep3,99,1000000
0.526862586096659,0,LacIrep3,99,1500000
0.526862595035559,0,LacIrep3,99,2000000
0.526862660787088,0,LacIrep3,99,3000000
0.526863421489091,0,LacIrep3,99,5000000
0.526884034648251,0,LacIrep3,99,10000000
0.539437449602072,0,LacIrep3,99,40000000
15.7881734004366,0,LacIrep3,99,200000000
0.520961062357405,0,LacIrep3,100,1
0.520961062357405,0,LacIrep3,100,100000
0.520961062357411,0,LacIrep3,100,300000
0.52096106235946,0,LacIrep3,100,700000
0.520961062380709,0,LacIrep3,100,1000000
0.520961062724001,0,LacIrep3,100,1500000
0.520961064941905,0,LacIrep3,100,2000000
0.52096110391704,0,LacIrep3,100,3000000
0.520962403574178,0,LacIrep3,100,5000000
0.521115427847274,0,LacIrep3,100,10000000
2.30509506960156,0,LacIrep3,100,40000000
54.331608466885,0,LacIrep3,100,200000000
0.520865818622664,0,LacIrep3,101,1
0.520865818622664,0,LacIrep3,101,100000
0.520865818622809,0,LacIrep3,101,300000
0.520865818669594,0,LacIrep3,101,700000
0.520865819145512,0,LacIrep3,101,1000000
0.520865828049006,0,LacIrep3,101,1500000
0.520865887539021,0,LacIrep3,101,2000000
0.520866949307823,0,LacIrep3,101,3000000
0.520900729031734,0,LacIrep3,101,5000000
0.524702217428804,0,LacIrep3,101,10000000
24.1305759126695,0,LacIrep3,101,40000000
49.6274520354675,0,LacIrep3,101,200000000
0.52168329025323,0,LacIrep3,102,1
0.521730398624961,0,LacIrep3,102,100000
0.522106064498253,0,LacIrep3,102,300000
0.523798051880739,0,LacIrep3,102,700000
0.525823203825561,0,LacIrep3,102,1000000
0.530539314744817,0,LacIrep3,102,1500000
0.536847544251734,0,LacIrep3,102,2000000
0.554028875650516,0,LacIrep3,102,3000000
0.605523021187119,0,LacIrep3,102,5000000
0.825021028410551,0,LacIrep3,102,10000000
4.24715974364741,0,LacIrep3,102,40000000
30.801565230015,0,LacIrep3,102,200000000
0.522757341101478,0,LacIrep3,103,1
0.52275734110155,0,LacIrep3,103,100000
0.522757341119432,0,LacIrep3,103,300000
0.522757342062012,0,LacIrep3,103,700000
0.522757346085883,0,LacIrep3,103,1000000
0.522757369344856,0,LacIrep3,103,1500000
0.522757459688491,0,LacIrep3,103,2000000
0.522758113597292,0,LacIrep3,103,3000000
0.522765520616678,0,LacIrep3,103,5000000
0.522944316645281,0,LacIrep3,103,10000000
0.622285910061128,0,LacIrep3,103,40000000
38.5561879018313,0,LacIrep3,103,200000000
0.520287641288677,0,LacIrep3,104,1
0.520289509213032,0,LacIrep3,104,100000
0.520316779086908,0,LacIrep3,104,300000
0.520520753365749,0,LacIrep3,104,700000
0.520844577369112,0,LacIrep3,104,1000000
0.521782710438744,0,LacIrep3,104,1500000
0.52329727477939,0,LacIrep3,104,2000000
0.528347200327211,0,LacIrep3,104,3000000
0.548127394597018,0,LacIrep3,104,5000000
0.669566147883608,0,LacIrep3,104,10000000
4.51031033866195,0,LacIrep3,104,40000000
42.7984335062738,0,LacIrep3,104,200000000
0.520496928167448,0,LacIrep3,105,1
0.520496928167454,0,LacIrep3,105,100000
0.520496928171294,0,LacIrep3,105,300000
0.520496928677034,0,LacIrep3,105,700000
0.520496932090681,0,LacIrep3,105,1000000
0.520496999832014,0,LacIrep3,105,1500000
0.520497187676692,0,LacIrep3,105,2000000
0.520499336040847,0,LacIrep3,105,3000000
0.520539974860717,0,LacIrep3,105,5000000
0.522687035312707,0,LacIrep3,105,10000000
5.60174830144066,0,LacIrep3,105,40000000
50.7181644374286,0,LacIrep3,105,200000000
0.524720175162393,0,LacIrep3,106,1
0.52472017516274,0,LacIrep3,106,100000
0.524720175331633,0,LacIrep3,106,300000
0.524720300315458,0,LacIrep3,106,700000
0.524720741509449,0,LacIrep3,106,1000000
0.524723326460974,0,LacIrep3,106,1500000
0.524734720197043,0,LacIrep3,106,2000000
0.52485177246252,0,LacIrep3,106,3000000
0.52684951244388,0,LacIrep3,106,5000000
0.618756892313778,0,LacIrep3,106,10000000
43.0331148393948,0,LacIrep3,106,40000000
55.8704024282998,0,LacIrep3,106,200000000
0.520251550629013,0,LacIrep3,107,1
0.520251550629013,0,LacIrep3,107,100000
0.520251550629013,0,LacIrep3,107,300000
0.520251550629013,0,LacIrep3,107,700000
0.520251550629014,0,LacIrep3,107,1000000
0.520251550629057,0,LacIrep3,107,1500000
0.520251550629417,0,LacIrep3,107,2000000
0.520251550638137,0,LacIrep3,107,3000000
0.520251551090062,0,LacIrep3,107,5000000
0.520251641655146,0,LacIrep3,107,10000000
0.524081839508449,0,LacIrep3,107,40000000
45.8125931453766,0,LacIrep3,107,200000000
0.522082185451955,0,LacIrep3,108,1
0.522082185939482,0,LacIrep3,108,100000
0.52208221280796,0,LacIrep3,108,300000
0.522082795204756,0,LacIrep3,108,700000
0.522084353336394,0,LacIrep3,108,1000000
0.522091694884591,0,LacIrep3,108,1500000
0.522108244468919,0,LacIrep3,108,2000000
0.522190833385385,0,LacIrep3,108,3000000
0.52274431699949,0,LacIrep3,108,5000000
0.52975809493239,0,LacIrep3,108,10000000
1.53253165697989,0,LacIrep3,108,40000000
43.9784753319701,0,LacIrep3,108,200000000
0.533797823262983,0,LacIrep3,109,1
0.533797823262983,0,LacIrep3,109,100000
0.533797823262983,0,LacIrep3,109,300000
0.533797823263053,0,LacIrep3,109,700000
0.533797823263899,0,LacIrep3,109,1000000
0.533797823279642,0,LacIrep3,109,1500000
0.533797823392917,0,LacIrep3,109,2000000
0.533797825604679,0,LacIrep3,109,3000000
0.533797912578617,0,LacIrep3,109,5000000
0.533810745656915,0,LacIrep3,109,10000000
0.776906463058805,0,LacIrep3,109,40000000
49.4127569303712,0,LacIrep3,109,200000000
0.520311062962693,0,LacIrep3,110,1
0.520311245065276,0,LacIrep3,110,100000
0.520317546076187,0,LacIrep3,110,300000
0.520399647456292,0,LacIrep3,110,700000
0.520575452402137,0,LacIrep3,110,1000000
0.521220482485312,0,LacIrep3,110,1500000
0.522492718165877,0,LacIrep3,110,2000000
0.527784003565486,0,LacIrep3,110,3000000
0.555405531063601,0,LacIrep3,110,5000000
0.804840739422587,0,LacIrep3,110,10000000
13.7852900649769,0,LacIrep3,110,40000000
43.992035809545,0,LacIrep3,110,200000000
0.524421627988429,0,LacIrep3,111,1
0.524421634026108,0,LacIrep3,111,100000
0.524421953316082,0,LacIrep3,111,300000
0.524428793227024,0,LacIrep3,111,700000
0.524447121955766,0,LacIrep3,111,1000000
0.524526927855159,0,LacIrep3,111,1500000
0.524721240235578,0,LacIrep3,111,2000000
0.525680764329787,0,LacIrep3,111,3000000
0.53208947902945,0,LacIrep3,111,5000000
0.613282006358493,0,LacIrep3,111,10000000
10.5550009433967,0,LacIrep3,111,40000000
62.0943787760621,0,LacIrep3,111,200000000
0.521070540116201,0,LacIrep3,112,1
0.521070540138833,0,LacIrep3,112,100000
0.521070542992027,0,LacIrep3,112,300000
0.521070651817026,0,LacIrep3,112,700000
0.521071053093169,0,LacIrep3,112,1000000
0.521073439796366,0,LacIrep3,112,1500000
0.52108014574092,0,LacIrep3,112,2000000
0.521123363705867,0,LacIrep3,112,3000000
0.521518697685899,0,LacIrep3,112,5000000
0.52921051067454,0,LacIrep3,112,10000000
3.05404397300157,0,LacIrep3,112,40000000
47.282529624733,0,LacIrep3,112,200000000
0.521887950181841,0,LacIrep3,113,1
0.521888902107393,0,LacIrep3,113,100000
0.52191324028236,0,LacIrep3,113,300000
0.522187044595958,0,LacIrep3,113,700000
0.522733471400053,0,LacIrep3,113,1000000
0.524637022186249,0,LacIrep3,113,1500000
0.528227904314174,0,LacIrep3,113,2000000
0.542465130281186,0,LacIrep3,113,3000000
0.612363224459862,0,LacIrep3,113,5000000
1.19016605553629,0,LacIrep3,113,10000000
22.7702339605869,0,LacIrep3,113,40000000
54.0114948449671,0,LacIrep3,113,200000000
0.521897761880683,0,LacIrep3,114,1
0.521897761880683,0,LacIrep3,114,100000
0.521897761880683,0,LacIrep3,114,300000
0.521897761880683,0,LacIrep3,114,700000
0.521897761880685,0,LacIrep3,114,1000000
0.521897761880718,0,LacIrep3,114,1500000
0.521897761881027,0,LacIrep3,114,2000000
0.521897761889125,0,LacIrep3,114,3000000
0.521897762354589,0,LacIrep3,114,5000000
0.521897875719564,0,LacIrep3,114,10000000
0.528549379769387,0,LacIrep3,114,40000000
59.2511324279891,0,LacIrep3,114,200000000
0.523567278869154,0,LacIrep3,115,1
0.523567280463257,0,LacIrep3,115,100000
0.523567601429371,0,LacIrep3,115,300000
0.52357907414412,0,LacIrep3,115,700000
0.523623181885819,0,LacIrep3,115,1000000
0.523898098400354,0,LacIrep3,115,1500000
0.524746160977862,0,LacIrep3,115,2000000
0.530564874331562,0,LacIrep3,115,3000000
0.589534952235773,0,LacIrep3,115,5000000
1.86525246347698,0,LacIrep3,115,10000000
43.1290055044163,0,LacIrep3,115,40000000
46.3467536594064,0,LacIrep3,115,200000000
0.52228256081664,0,LacIrep3,116,1
0.522282560816823,0,LacIrep3,116,100000
0.522282560914299,0,LacIrep3,116,300000
0.522282571941781,0,LacIrep3,116,700000
0.522282641356033,0,LacIrep3,116,1000000
0.522283321059517,0,LacIrep3,116,1500000
0.522286385415752,0,LacIrep3,116,2000000
0.522318423539991,0,LacIrep3,116,3000000
0.52288604128068,0,LacIrep3,116,5000000
0.549967412444728,0,LacIrep3,116,10000000
26.4266965184327,0,LacIrep3,116,40000000
47.3061632703394,0,LacIrep3,116,200000000
0.524464730803468,0,LacIrep3,117,1
0.534182439443011,0,LacIrep3,117,100000
0.576259503284405,0,LacIrep3,117,300000
0.710664192883006,0,LacIrep3,117,700000
0.84249945463056,0,LacIrep3,117,1000000
1.10786915584717,0,LacIrep3,117,1500000
1.41790285707375,0,LacIrep3,117,2000000
2.14703418475605,0,LacIrep3,117,3000000
3.89169343313502,0,LacIrep3,117,5000000
8.9816681970797,0,LacIrep3,117,10000000
30.5328529810916,0,LacIrep3,117,40000000
45.1636557507463,0,LacIrep3,117,200000000
0.522927420978204,0,LacIrep3,118,1
0.522927420978204,0,LacIrep3,118,100000
0.522927420978204,0,LacIrep3,118,300000
0.522927420978204,0,LacIrep3,118,700000
0.522927420978204,0,LacIrep3,118,1000000
0.522927420978205,0,LacIrep3,118,1500000
0.522927420978213,0,LacIrep3,118,2000000
0.522927420978601,0,LacIrep3,118,3000000
0.522927421028261,0,LacIrep3,118,5000000
0.522927453155027,0,LacIrep3,118,10000000
0.541357979484038,0,LacIrep3,118,40000000
50.2652329314495,0,LacIrep3,118,200000000
0.52453006557079,0,LacIrep3,119,1
0.52453006617751,0,LacIrep3,119,100000
0.524530112157523,0,LacIrep3,119,300000
0.524531948569283,0,LacIrep3,119,700000
0.524537415507858,0,LacIrep3,119,1000000
0.524564804733183,0,LacIrep3,119,1500000
0.524634738505569,0,LacIrep3,119,2000000
0.525034265130289,0,LacIrep3,119,3000000
0.528134714348454,0,LacIrep3,119,5000000
0.576459952416146,0,LacIrep3,119,10000000
9.52202570503637,0,LacIrep3,119,40000000
54.6814416434205,0,LacIrep3,119,200000000
0.520423268072999,0,LacIrep3,120,1
0.520423268175584,0,LacIrep3,120,100000
0.520423282083015,0,LacIrep3,120,300000
0.52042382250598,0,LacIrep3,120,700000
0.52042581236429,0,LacIrep3,120,1000000
0.520437615820708,0,LacIrep3,120,1500000
0.52047234163036,0,LacIrep3,120,2000000
0.520703622106403,0,LacIrep3,120,3000000
0.522928147593855,0,LacIrep3,120,5000000
0.569316760236689,0,LacIrep3,120,10000000
13.8243158973515,0,LacIrep3,120,40000000
47.1944647813355,0,LacIrep3,120,200000000
0.520275715987955,0,LacIrep3,121,1
0.520275715987955,0,LacIrep3,121,100000
0.520275715987955,0,LacIrep3,121,300000
0.520275715987955,0,LacIrep3,121,700000
0.520275715987955,0,LacIrep3,121,1000000
0.520275715987955,0,LacIrep3,121,1500000
0.520275715987955,0,LacIrep3,121,2000000
0.520275715987956,0,LacIrep3,121,3000000
0.520275715988106,0,LacIrep3,121,5000000
0.520275716125182,0,LacIrep3,121,10000000
0.520399049870519,0,LacIrep3,121,40000000
47.6546790025445,0,LacIrep3,121,200000000
0.521037838140049,0,LacIrep3,122,1
0.521038360084057,0,LacIrep3,122,100000
0.521054309973024,0,LacIrep3,122,300000
0.521275699653502,0,LacIrep3,122,700000
0.5217630244506,0,LacIrep3,122,1000000
0.523608742124456,0,LacIrep3,122,1500000
0.527341696167761,0,LacIrep3,122,2000000
0.543340195878967,0,LacIrep3,122,3000000
0.6301980198823,0,LacIrep3,122,5000000
1.4509403774249,0,LacIrep3,122,10000000
30.2597450556173,0,LacIrep3,122,40000000
51.6165797432008,0,LacIrep3,122,200000000
0.521844387645291,0,LacIrep3,123,1
0.521899624129502,0,LacIrep3,123,100000
0.522323734385793,0,LacIrep3,123,300000
0.524184754468814,0,LacIrep3,123,700000
0.526365062390684,0,LacIrep3,123,1000000
0.531365555576733,0,LacIrep3,123,1500000
0.537966850000006,0,LacIrep3,123,2000000
0.555667839433356,0,LacIrep3,123,3000000
0.607619255873652,0,LacIrep3,123,5000000
0.823521926533661,0,LacIrep3,123,10000000
4.04259112201372,0,LacIrep3,123,40000000
30.104664787129,0,LacIrep3,123,200000000
0.539315451239755,0,LacIrep3,124,1
0.539315452904071,0,LacIrep3,124,100000
0.539315555560733,0,LacIrep3,124,300000
0.539317808722944,0,LacIrep3,124,700000
0.539324622367729,0,LacIrep3,124,1000000
0.539356932807916,0,LacIrep3,124,1500000
0.539431311032654,0,LacIrep3,124,2000000
0.539825674771018,0,LacIrep3,124,3000000
0.542633056705887,0,LacIrep3,124,5000000
0.580961212764494,0,LacIrep3,124,10000000
6.40948225478843,0,LacIrep3,124,40000000
54.5960346144521,0,LacIrep3,124,200000000
0.520931115975872,0,LacIrep3,125,1
0.520931115975875,0,LacIrep3,125,100000
0.520931115976587,0,LacIrep3,125,300000
0.520931116016005,0,LacIrep3,125,700000
0.520931116189297,0,LacIrep3,125,1000000
0.52093111738767,0,LacIrep3,125,1500000
0.520931121339955,0,LacIrep3,125,2000000
0.520931152929855,0,LacIrep3,125,3000000
0.520931508022849,0,LacIrep3,125,5000000
0.520940815063225,0,LacIrep3,125,10000000
0.526742878878529,0,LacIrep3,125,40000000
8.81798325605275,0,LacIrep3,125,200000000
0.522949364338438,0,LacIrep3,126,1
0.5231819998814,0,LacIrep3,126,100000
0.524600457227018,0,LacIrep3,126,300000
0.529877454859905,0,LacIrep3,126,700000
0.535528287858565,0,LacIrep3,126,1000000
0.547615358866765,0,LacIrep3,126,1500000
0.562683956274288,0,LacIrep3,126,2000000
0.600606565241668,0,LacIrep3,126,3000000
0.703180754628056,0,LacIrep3,126,5000000
1.08359467655365,0,LacIrep3,126,10000000
5.57612276747397,0,LacIrep3,126,40000000
32.9402825657839,0,LacIrep3,126,200000000
0.523829979735138,0,LacIrep3,127,1
0.526860405196244,0,LacIrep3,127,100000
0.539993255082668,0,LacIrep3,127,300000
0.581481107391551,0,LacIrep3,127,700000
0.622087681660217,0,LacIrep3,127,1000000
0.703614905451187,0,LacIrep3,127,1500000
0.799498790387121,0,LacIrep3,127,2000000
1.02648655746725,0,LacIrep3,127,3000000
1.58748891277347,0,LacIrep3,127,5000000
3.39911368949787,0,LacIrep3,127,10000000
16.643256412738,0,LacIrep3,127,40000000
41.5549058057874,0,LacIrep3,127,200000000
0.539225591330562,0,LacIrep3,128,1
0.539225591330562,0,LacIrep3,128,100000
0.539225591330562,0,LacIrep3,128,300000
0.539225591330564,0,LacIrep3,128,700000
0.539225591330607,0,LacIrep3,128,1000000
0.539225591332795,0,LacIrep3,128,1500000
0.539225591366126,0,LacIrep3,128,2000000
0.539225593082503,0,LacIrep3,128,3000000
0.53922578939028,0,LacIrep3,128,5000000
0.539402181229441,0,LacIrep3,128,10000000
35.1937424616161,0,LacIrep3,128,40000000
52.1475783853747,0,LacIrep3,128,200000000
0.523982571942989,0,LacIrep3,129,1
0.523982571943073,0,LacIrep3,129,100000
0.5239825719769,0,LacIrep3,129,300000
0.523982575211174,0,LacIrep3,129,700000
0.523982594143234,0,LacIrep3,129,1000000
0.523982767226611,0,LacIrep3,129,1500000
0.523983482359524,0,LacIrep3,129,2000000
0.523990710079491,0,LacIrep3,129,3000000
0.52410754247928,0,LacIrep3,129,5000000
0.529088380601988,0,LacIrep3,129,10000000
7.80400511424737,0,LacIrep3,129,40000000
51.7617462924825,0,LacIrep3,129,200000000
0.521687718223948,0,LacIrep3,130,1
0.521687718223962,0,LacIrep3,130,100000
0.521687718227214,0,LacIrep3,130,300000
0.521687718417676,0,LacIrep3,130,700000
0.521687719289863,0,LacIrep3,130,1000000
0.521687725593835,0,LacIrep3,130,1500000
0.521687743937963,0,LacIrep3,130,2000000
0.521687916934688,0,LacIrep3,130,3000000
0.52168999246884,0,LacIrep3,130,5000000
0.521750187949395,0,LacIrep3,130,10000000
0.566426779919778,0,LacIrep3,130,40000000
37.1970745055943,0,LacIrep3,130,200000000
0.520617274659937,0,LacIrep3,131,1
0.520617274659971,0,LacIrep3,131,100000
0.520617274668328,0,LacIrep3,131,300000
0.520617275066072,0,LacIrep3,131,700000
0.520617276665106,0,LacIrep3,131,1000000
0.520617286775428,0,LacIrep3,131,1500000
0.520617318664314,0,LacIrep3,131,2000000
0.520617534959049,0,LacIrep3,131,3000000
0.520619793693626,0,LacIrep3,131,5000000
0.520669277903877,0,LacIrep3,131,10000000
0.542934221243396,0,LacIrep3,131,40000000
18.6208982969987,0,LacIrep3,131,200000000
0.521683289531042,0,LacIrep3,132,1
0.52168329006028,0,LacIrep3,132,100000
0.521683327952781,0,LacIrep3,132,300000
0.52168418082567,0,LacIrep3,132,700000
0.521686669886951,0,LacIrep3,132,1000000
0.521699124915159,0,LacIrep3,132,1500000
0.521729990793729,0,LacIrep3,132,2000000
0.521897684521943,0,LacIrep3,132,3000000
0.523136889945934,0,LacIrep3,132,5000000
0.541180957358698,0,LacIrep3,132,10000000
3.80062947357761,0,LacIrep3,132,40000000
50.6223121589316,0,LacIrep3,132,200000000
0.52609036209549,0,LacIrep3,133,1
0.526090362095636,0,LacIrep3,133,100000
0.526090362165767,0,LacIrep3,133,300000
0.526090369769111,0,LacIrep3,133,700000
0.526090417090161,0,LacIrep3,133,1000000
0.526091220513338,0,LacIrep3,133,1500000
0.526093533842801,0,LacIrep3,133,2000000
0.526117835917147,0,LacIrep3,133,3000000
0.526541321686483,0,LacIrep3,133,5000000
0.546501735297347,0,LacIrep3,133,10000000
25.0851921412169,0,LacIrep3,133,40000000
60.9155276952093,0,LacIrep3,133,200000000
0.523455140164532,0,LacIrep3,134,1
0.523455153114431,0,LacIrep3,134,100000
0.523455701892389,0,LacIrep3,134,300000
0.523464368563014,0,LacIrep3,134,700000
0.523484156245706,0,LacIrep3,134,1000000
0.52356336563023,0,LacIrep3,134,1500000
0.523729541628395,0,LacIrep3,134,2000000
0.524473214415848,0,LacIrep3,134,3000000
0.528765715361596,0,LacIrep3,134,5000000
0.573260093744964,0,LacIrep3,134,10000000
4.56178231702197,0,LacIrep3,134,40000000
49.4261956520799,0,LacIrep3,134,200000000
0.533701218719704,0,LacIrep3,135,1
0.533701218719704,0,LacIrep3,135,100000
0.533701218719709,0,LacIrep3,135,300000
0.533701218720388,0,LacIrep3,135,700000
0.533701218725132,0,LacIrep3,135,1000000
0.533701218776374,0,LacIrep3,135,1500000
0.533701219017861,0,LacIrep3,135,2000000
0.53370122180414,0,LacIrep3,135,3000000
0.533701277092671,0,LacIrep3,135,5000000
0.533704373281649,0,LacIrep3,135,10000000
0.542969439221429,0,LacIrep3,135,40000000
36.4883979127618,0,LacIrep3,135,200000000
0.526003799651631,0,LacIrep3,136,1
0.526004241833594,0,LacIrep3,136,100000
0.52601179394036,0,LacIrep3,136,300000
0.526070280334395,0,LacIrep3,136,700000
0.526160327480984,0,LacIrep3,136,1000000
0.526422035124294,0,LacIrep3,136,1500000
0.526842461345691,0,LacIrep3,136,2000000
0.5282257399486,0,LacIrep3,136,3000000
0.533594009802119,0,LacIrep3,136,5000000
0.5659594561068,0,LacIrep3,136,10000000
1.61104068765684,0,LacIrep3,136,40000000
27.841195835922,0,LacIrep3,136,200000000
0.528046632573759,0,LacIrep3,137,1
0.528046640457515,0,LacIrep3,137,100000
0.528047054385974,0,LacIrep3,137,300000
0.528057150812228,0,LacIrep3,137,700000
0.528084067029463,0,LacIrep3,137,1000000
0.52820650379313,0,LacIrep3,137,1500000
0.528491841416658,0,LacIrep3,137,2000000
0.529934619192264,0,LacIrep3,137,3000000
0.539683399102546,0,LacIrep3,137,5000000
0.664860905645866,0,LacIrep3,137,10000000
15.5218922027603,0,LacIrep3,137,40000000
70.4985578636743,0,LacIrep3,137,200000000
0.523362814450435,0,LacIrep3,138,1
0.52336295786408,0,LacIrep3,138,100000
0.523367046067145,0,LacIrep3,138,300000
0.523438951276464,0,LacIrep3,138,700000
0.523619126810157,0,LacIrep3,138,1000000
0.524386900540971,0,LacIrep3,138,1500000
0.526082412777077,0,LacIrep3,138,2000000
0.534131416660984,0,LacIrep3,138,3000000
0.584200394811438,0,LacIrep3,138,5000000
1.15439029781205,0,LacIrep3,138,10000000
32.2669866340823,0,LacIrep3,138,40000000
58.5181726678317,0,LacIrep3,138,200000000
0.528417137246574,0,LacIrep3,139,1
0.528417137246574,0,LacIrep3,139,100000
0.528417137246574,0,LacIrep3,139,300000
0.528417137246704,0,LacIrep3,139,700000
0.528417137248071,0,LacIrep3,139,1000000
0.528417137270462,0,LacIrep3,139,1500000
0.528417137416599,0,LacIrep3,139,2000000
0.528417139940755,0,LacIrep3,139,3000000
0.528417226675311,0,LacIrep3,139,5000000
0.528427470472093,0,LacIrep3,139,10000000
0.659510468735907,0,LacIrep3,139,40000000
60.8507191996724,0,LacIrep3,139,200000000
0.536950106992956,0,LacIrep3,140,1
0.536950171064481,0,LacIrep3,140,100000
0.536951443123816,0,LacIrep3,140,300000
0.536961337955335,0,LacIrep3,140,700000
0.536975814249069,0,LacIrep3,140,1000000
0.537019821411562,0,LacIrep3,140,1500000
0.537084161380631,0,LacIrep3,140,2000000
0.537297156148027,0,LacIrep3,140,3000000
0.538106786229426,0,LacIrep3,140,5000000
0.542786114882716,0,LacIrep3,140,10000000
0.685143876204105,0,LacIrep3,140,40000000
6.07406219775336,0,LacIrep3,140,200000000
0.522371063253932,0,LacIrep3,141,1
0.522371063257593,0,LacIrep3,141,100000
0.52237106462357,0,LacIrep3,141,300000
0.522371194765364,0,LacIrep3,141,700000
0.522371957802585,0,LacIrep3,141,1000000
0.522378984967533,0,LacIrep3,141,1500000
0.522407226062575,0,LacIrep3,141,2000000
0.522675218740864,0,LacIrep3,141,3000000
0.526918768944919,0,LacIrep3,141,5000000
0.699716473191669,0,LacIrep3,141,10000000
48.2791412932908,0,LacIrep3,141,40000000
58.4856939274429,0,LacIrep3,141,200000000
0.520351006397914,0,LacIrep3,142,1
0.560061559024051,0,LacIrep3,142,100000
0.644789526732551,0,LacIrep3,142,300000
0.811018749776896,0,LacIrep3,142,700000
0.933828448452505,0,LacIrep3,142,1000000
1.13589978312862,0,LacIrep3,142,1500000
1.33486917937087,0,LacIrep3,142,2000000
1.72775202342034,0,LacIrep3,142,3000000
2.48562353475804,0,LacIrep3,142,5000000
4.2584482439501,0,LacIrep3,142,10000000
12.3582735527934,0,LacIrep3,142,40000000
29.3348550941012,0,LacIrep3,142,200000000
0.520712600558301,0,LacIrep3,143,1
0.520714652857559,0,LacIrep3,143,100000
0.5207792149875,0,LacIrep3,143,300000
0.521691183412522,0,LacIrep3,143,700000
0.523732183570884,0,LacIrep3,143,1000000
0.531568733281596,0,LacIrep3,143,1500000
0.54762506040193,0,LacIrep3,143,2000000
0.617176838101879,0,LacIrep3,143,3000000
1.00006307096544,0,LacIrep3,143,5000000
4.46633854661029,0,LacIrep3,143,10000000
42.8093341872358,0,LacIrep3,143,40000000
48.9252687623166,0,LacIrep3,143,200000000
0.532100046692546,0,LacIrep3,144,1
0.532181566574757,0,LacIrep3,144,100000
0.532925625291561,0,LacIrep3,144,300000
0.536712110402302,0,LacIrep3,144,700000
0.541556120825038,0,LacIrep3,144,1000000
0.553433601722315,0,LacIrep3,144,1500000
0.570054454100097,0,LacIrep3,144,2000000
0.617404173138632,0,LacIrep3,144,3000000
0.768077956350398,0,LacIrep3,144,5000000
1.45981003961498,0,LacIrep3,144,10000000
12.0186983769455,0,LacIrep3,144,40000000
43.8853536807958,0,LacIrep3,144,200000000
0.520505437990066,0,LacIrep3,145,1
0.520505437990066,0,LacIrep3,145,100000
0.520505437990066,0,LacIrep3,145,300000
0.520505437990068,0,LacIrep3,145,700000
0.520505437990092,0,LacIrep3,145,1000000
0.520505437990456,0,LacIrep3,145,1500000
0.520505437992731,0,LacIrep3,145,2000000
0.520505438029846,0,LacIrep3,145,3000000
0.520505439184121,0,LacIrep3,145,5000000
0.520505558161162,0,LacIrep3,145,10000000
0.521728376586504,0,LacIrep3,145,40000000
27.2445000901471,0,LacIrep3,145,200000000
0.520693174207729,0,LacIrep3,146,1
0.520693184423243,0,LacIrep3,146,100000
0.520693975613957,0,LacIrep3,146,300000
0.520711954269159,0,LacIrep3,146,700000
0.520765171722939,0,LacIrep3,146,1000000
0.521022346379457,0,LacIrep3,146,1500000
0.521658179733462,0,LacIrep3,146,2000000
0.525073587368605,0,LacIrep3,146,3000000
0.550096317929743,0,LacIrep3,146,5000000
0.907040084565047,0,LacIrep3,146,10000000
30.7545979709718,0,LacIrep3,146,40000000
54.8924019885177,0,LacIrep3,146,200000000
0.520972140710222,0,LacIrep3,147,1
0.520972140710226,0,LacIrep3,147,100000
0.520972140711481,0,LacIrep3,147,300000
0.520972140819276,0,LacIrep3,147,700000
0.520972141414575,0,LacIrep3,147,1000000
0.520972146551712,0,LacIrep3,147,1500000
0.520972167334872,0,LacIrep3,147,2000000
0.520972368844126,0,LacIrep3,147,3000000
0.520975541989153,0,LacIrep3,147,5000000
0.521094848102858,0,LacIrep3,147,10000000
0.684367521156425,0,LacIrep3,147,40000000
50.7033884551979,0,LacIrep3,147,200000000
0.531626475494273,0,LacIrep3,148,1
0.531626475494273,0,LacIrep3,148,100000
0.531626475494273,0,LacIrep3,148,300000
0.531626475494302,0,LacIrep3,148,700000
0.531626475494706,0,LacIrep3,148,1000000
0.531626475503543,0,LacIrep3,148,1500000
0.531626475575603,0,LacIrep3,148,2000000
0.531626477224793,0,LacIrep3,148,3000000
0.531626553214298,0,LacIrep3,148,5000000
0.53164221930717,0,LacIrep3,148,10000000
1.07381709602207,0,LacIrep3,148,40000000
45.4893487472755,0,LacIrep3,148,200000000
0.521618124526092,0,LacIrep3,149,1
0.521618267529209,0,LacIrep3,149,100000
0.521622167085327,0,LacIrep3,149,300000
0.521663040184458,0,LacIrep3,149,700000
0.521741716239023,0,LacIrep3,149,1000000
0.522006481753114,0,LacIrep3,149,1500000
0.522489872966683,0,LacIrep3,149,2000000
0.524342726545638,0,LacIrep3,149,3000000
0.533039800500015,0,LacIrep3,149,5000000
0.601243688971129,0,LacIrep3,149,10000000
4.14887042521674,0,LacIrep3,149,40000000
51.3267338448063,0,LacIrep3,149,200000000
0.521104054692568,0,LacIrep3,150,1
0.521104054699794,0,LacIrep3,150,100000
0.521104056423382,0,LacIrep3,150,300000
0.52110415631206,0,LacIrep3,150,700000
0.521104614408278,0,LacIrep3,150,1000000
0.52110815933963,0,LacIrep3,150,1500000
0.521120509491013,0,LacIrep3,150,2000000
0.521220299565409,0,LacIrep3,150,3000000
0.52247666619802,0,LacIrep3,150,5000000
0.560195912303715,0,LacIrep3,150,10000000
19.7674186131596,0,LacIrep3,150,40000000
49.7038114945371,0,LacIrep3,150,200000000
0.526511923516393,0,LacIrep3,151,1
0.526511923516401,0,LacIrep3,151,100000
0.52651192351833,0,LacIrep3,151,300000
0.526511923622165,0,LacIrep3,151,700000
0.526511924073769,0,LacIrep3,151,1000000
0.52651192717064,0,LacIrep3,151,1500000
0.526511937330513,0,LacIrep3,151,2000000
0.526512013000634,0,LacIrep3,151,3000000
0.526512897258717,0,LacIrep3,151,5000000
0.526535804055729,0,LacIrep3,151,10000000
0.540269698121735,0,LacIrep3,151,40000000
16.4492429820524,0,LacIrep3,151,200000000
0.522335291144585,0,LacIrep3,152,1
0.522335291144585,0,LacIrep3,152,100000
0.522335291144585,0,LacIrep3,152,300000
0.522335291144585,0,LacIrep3,152,700000
0.522335291144585,0,LacIrep3,152,1000000
0.522335291144585,0,LacIrep3,152,1500000
0.522335291144587,0,LacIrep3,152,2000000
0.52233529114464,0,LacIrep3,152,3000000
0.522335291149238,0,LacIrep3,152,5000000
0.522335293041747,0,LacIrep3,152,10000000
0.522655090092721,0,LacIrep3,152,40000000
47.7508742563947,0,LacIrep3,152,200000000
0.526163715241023,0,LacIrep3,153,1
0.526163715242939,0,LacIrep3,153,100000
0.526163715626598,0,LacIrep3,153,300000
0.526163735007712,0,LacIrep3,153,700000
0.526163810879534,0,LacIrep3,153,1000000
0.526164759643277,0,LacIrep3,153,1500000
0.526167147653469,0,LacIrep3,153,2000000
0.526184997739608,0,LacIrep3,153,3000000
0.526385072706768,0,LacIrep3,153,5000000
0.531441970407508,0,LacIrep3,153,10000000
3.37901564655278,0,LacIrep3,153,40000000
56.7378336081042,0,LacIrep3,153,200000000
0.522383057261613,0,LacIrep3,154,1
0.522383057261645,0,LacIrep3,154,100000
0.522383057268467,0,LacIrep3,154,300000
0.522383057644101,0,LacIrep3,154,700000
0.522383059314863,0,LacIrep3,154,1000000
0.522383071042675,0,LacIrep3,154,1500000
0.522383110123087,0,LacIrep3,154,2000000
0.522383465612098,0,LacIrep3,154,3000000
0.522387014681071,0,LacIrep3,154,5000000
0.522483512768041,0,LacIrep3,154,10000000
0.587785081607428,0,LacIrep3,154,40000000
39.1317875661147,0,LacIrep3,154,200000000
0.524720413052437,0,LacIrep3,155,1
0.524815674681317,0,LacIrep3,155,100000
0.525576605251591,0,LacIrep3,155,300000
0.529107173467618,0,LacIrep3,155,700000
0.533394556601441,0,LacIrep3,155,1000000
0.543476596040518,0,LacIrep3,155,1500000
0.557144106889412,0,LacIrep3,155,2000000
0.594670267536376,0,LacIrep3,155,3000000
0.708541498782322,0,LacIrep3,155,5000000
1.20011192278333,0,LacIrep3,155,10000000
8.34231756344643,0,LacIrep3,155,40000000
37.2169334479317,0,LacIrep3,155,200000000
0.528298417917705,0,LacIrep3,156,1
0.528298912203267,0,LacIrep3,156,100000
0.528308187971554,0,LacIrep3,156,300000
0.528392263964737,0,LacIrep3,156,700000
0.528534769200794,0,LacIrep3,156,1000000
0.528970219029869,0,LacIrep3,156,1500000
0.529713351856062,0,LacIrep3,156,2000000
0.532336536153136,0,LacIrep3,156,3000000
0.543400515242663,0,LacIrep3,156,5000000
0.618601751093452,0,LacIrep3,156,10000000
3.58943173761621,0,LacIrep3,156,40000000
45.4789967283723,0,LacIrep3,156,200000000
0.522180294690753,0,LacIrep3,157,1
0.522180294690753,0,LacIrep3,157,100000
0.522180294690753,0,LacIrep3,157,300000
0.522180294690753,0,LacIrep3,157,700000
0.522180294690753,0,LacIrep3,157,1000000
0.522180294690762,0,LacIrep3,157,1500000
0.522180294690859,0,LacIrep3,157,2000000
0.522180294694379,0,LacIrep3,157,3000000
0.522180294999212,0,LacIrep3,157,5000000
0.52218042606889,0,LacIrep3,157,10000000
0.545636421878951,0,LacIrep3,157,40000000
43.9188619578184,0,LacIrep3,157,200000000
0.520526218377063,0,LacIrep3,158,1
0.520526218377063,0,LacIrep3,158,100000
0.520526218377364,0,LacIrep3,158,300000
0.520526218461181,0,LacIrep3,158,700000
0.520526219266993,0,LacIrep3,158,1000000
0.520526231352458,0,LacIrep3,158,1500000
0.520526310352193,0,LacIrep3,158,2000000
0.520527568705607,0,LacIrep3,158,3000000
0.520565595794953,0,LacIrep3,158,5000000
0.524294369807642,0,LacIrep3,158,10000000
21.0294129219839,0,LacIrep3,158,40000000
51.2526233613766,0,LacIrep3,158,200000000
0.540473964951172,0,LacIrep3,159,1
0.540475093343615,0,LacIrep3,159,100000
0.540499396788962,0,LacIrep3,159,300000
0.540742095566087,0,LacIrep3,159,700000
0.541192954087076,0,LacIrep3,159,1000000
0.542662084332185,0,LacIrep3,159,1500000
0.545290973446566,0,LacIrep3,159,2000000
0.555109903136164,0,LacIrep3,159,3000000
0.599777040201432,0,LacIrep3,159,5000000
0.934098129637225,0,LacIrep3,159,10000000
14.0124578227292,0,LacIrep3,159,40000000
55.3768544121478,0,LacIrep3,159,200000000
0.521741614138844,0,LacIrep3,160,1
0.52174161431674,0,LacIrep3,160,100000
0.521741626734623,0,LacIrep3,160,300000
0.521741917459457,0,LacIrep3,160,700000
0.521742726928404,0,LacIrep3,160,1000000
0.521746251022988,0,LacIrep3,160,1500000
0.521754340040277,0,LacIrep3,160,2000000
0.521795959080809,0,LacIrep3,160,3000000
0.522067701887193,0,LacIrep3,160,5000000
0.525511959935244,0,LacIrep3,160,10000000
1.01522620708577,0,LacIrep3,160,40000000
35.072771841918,0,LacIrep3,160,200000000
0.520275717235847,0,LacIrep3,161,1
0.520275717235847,0,LacIrep3,161,100000
0.520275717235934,0,LacIrep3,161,300000
0.520275717255271,0,LacIrep3,161,700000
0.520275717421195,0,LacIrep3,161,1000000
0.520275725282908,0,LacIrep3,161,1500000
0.520275740306439,0,LacIrep3,161,2000000
0.520275942655482,0,LacIrep3,161,3000000
0.520281469532943,0,LacIrep3,161,5000000
0.520712677641182,0,LacIrep3,161,10000000
2.94967924600882,0,LacIrep3,161,40000000
48.3532699629939,0,LacIrep3,161,200000000
0.547765303103844,0,LacIrep3,162,1
0.547765308408312,0,LacIrep3,162,100000
0.54776561781325,0,LacIrep3,162,300000
0.547772147871965,0,LacIrep3,162,700000
0.547791086894842,0,LacIrep3,162,1000000
0.547877328630759,0,LacIrep3,162,1500000
0.548083109956757,0,LacIrep3,162,2000000
0.549141256824718,0,LacIrep3,162,3000000
0.55653492829246,0,LacIrep3,162,5000000
0.656212356306067,0,LacIrep3,162,10000000
13.091617544131,0,LacIrep3,162,40000000
51.3651426088059,0,LacIrep3,162,200000000
0.521246959771978,0,LacIrep3,163,1
0.521246959771978,0,LacIrep3,163,100000
0.521246959771978,0,LacIrep3,163,300000
0.521246959771989,0,LacIrep3,163,700000
0.521246959772104,0,LacIrep3,163,1000000
0.521246959773968,0,LacIrep3,163,1500000
0.521246959785975,0,LacIrep3,163,2000000
0.52124695998982,0,LacIrep3,163,3000000
0.521246966658517,0,LacIrep3,163,5000000
0.52124777423504,0,LacIrep3,163,10000000
0.530619738228316,0,LacIrep3,163,40000000
50.9284789463448,0,LacIrep3,163,200000000
0.521494359327976,0,LacIrep3,164,1
0.521494359415747,0,LacIrep3,164,100000
0.521494366137772,0,LacIrep3,164,300000
0.521494537176342,0,LacIrep3,164,700000
0.521495064239537,0,LacIrep3,164,1000000
0.52149768155475,0,LacIrep3,164,1500000
0.521504312714092,0,LacIrep3,164,2000000
0.521541354080453,0,LacIrep3,164,3000000
0.521819340113963,0,LacIrep3,164,5000000
0.52598481809299,0,LacIrep3,164,10000000
1.3706138388499,0,LacIrep3,164,40000000
44.4313855076212,0,LacIrep3,164,200000000
0.549356465628688,0,LacIrep3,165,1
0.549356465628689,0,LacIrep3,165,100000
0.549356465628899,0,LacIrep3,165,300000
0.549356465663205,0,LacIrep3,165,700000
0.549356465916163,0,LacIrep3,165,1000000
0.549356468812116,0,LacIrep3,165,1500000
0.549356483128609,0,LacIrep3,165,2000000
0.549356658857944,0,LacIrep3,165,3000000
0.549360437076027,0,LacIrep3,165,5000000
0.54960541125518,0,LacIrep3,165,10000000
1.42353354909424,0,LacIrep3,165,40000000
47.2370903162698,0,LacIrep3,165,200000000
0.539678944804357,0,LacIrep3,166,1
0.53967896519423,0,LacIrep3,166,100000
0.539679630419723,0,LacIrep3,166,300000
0.539688727847184,0,LacIrep3,166,700000
0.539707211381239,0,LacIrep3,166,1000000
0.539775652420667,0,LacIrep3,166,1500000
0.539910703770043,0,LacIrep3,166,2000000
0.540454216827296,0,LacIrep3,166,3000000
0.543238908275614,0,LacIrep3,166,5000000
0.56782164195652,0,LacIrep3,166,10000000
2.24002721571121,0,LacIrep3,166,40000000
44.1026753768076,0,LacIrep3,166,200000000
0.529251975716764,0,LacIrep3,167,1
0.529251975939657,0,LacIrep3,167,100000
0.529251994619896,0,LacIrep3,167,300000
0.52925250975829,0,LacIrep3,167,700000
0.529254175619762,0,LacIrep3,167,1000000
0.529262791149512,0,LacIrep3,167,1500000
0.529286007751538,0,LacIrep3,167,2000000
0.529413669469803,0,LacIrep3,167,3000000
0.530445440818159,0,LacIrep3,167,5000000
0.547054439263903,0,LacIrep3,167,10000000
4.22441040690019,0,LacIrep3,167,40000000
54.575064263775,0,LacIrep3,167,200000000
0.55039621785379,0,LacIrep3,168,1
0.550470663155535,0,LacIrep3,168,100000
0.551169974638636,0,LacIrep3,168,300000
0.554947857279084,0,LacIrep3,168,700000
0.559907489607298,0,LacIrep3,168,1000000
0.572328943765397,0,LacIrep3,168,1500000
0.590028253551294,0,LacIrep3,168,2000000
0.641524379929291,0,LacIrep3,168,3000000
0.809940997232684,0,LacIrep3,168,5000000
1.61132354705764,0,LacIrep3,168,10000000
14.5867295207418,0,LacIrep3,168,40000000
52.2766025675813,0,LacIrep3,168,200000000
0.520319955038374,0,LacIrep3,169,1
0.520320177147268,0,LacIrep3,169,100000
0.520326120925506,0,LacIrep3,169,300000
0.520392232637307,0,LacIrep3,169,700000
0.520522550591698,0,LacIrep3,169,1000000
0.520972607647999,0,LacIrep3,169,1500000
0.521814353452275,0,LacIrep3,169,2000000
0.525112276743325,0,LacIrep3,169,3000000
0.54109204228284,0,LacIrep3,169,5000000
0.671604468621565,0,LacIrep3,169,10000000
7.50519951617182,0,LacIrep3,169,40000000
49.2854682827324,0,LacIrep3,169,200000000
0.543928659958363,0,LacIrep3,170,1
0.543929318014944,0,LacIrep3,170,100000
0.543946939123821,0,LacIrep3,170,300000
0.544150396280543,0,LacIrep3,170,700000
0.544544099070143,0,LacIrep3,170,1000000
0.545942994971381,0,LacIrep3,170,1500000
0.548578343362128,0,LacIrep3,170,2000000
0.558991991376611,0,LacIrep3,170,3000000
0.610132616108442,0,LacIrep3,170,5000000
1.03416731579599,0,LacIrep3,170,10000000
18.3026273362741,0,LacIrep3,170,40000000
49.5782592313682,0,LacIrep3,170,200000000
0.528377375233567,0,LacIrep3,171,1
0.528377375233952,0,LacIrep3,171,100000
0.528377375340489,0,LacIrep3,171,300000
0.528377382668483,0,LacIrep3,171,700000
0.528377418946196,0,LacIrep3,171,1000000
0.528377692387165,0,LacIrep3,171,1500000
0.528378701046013,0,LacIrep3,171,2000000
0.528387331888988,0,LacIrep3,171,3000000
0.528504461896353,0,LacIrep3,171,5000000
0.532285816888575,0,LacIrep3,171,10000000
4.01412606157689,0,LacIrep3,171,40000000
66.3519555471279,0,LacIrep3,171,200000000
0.5238205922947,0,LacIrep3,172,1
0.523820592294793,0,LacIrep3,172,100000
0.523820592334543,0,LacIrep3,172,300000
0.523820596367928,0,LacIrep3,172,700000
0.52382062070243,0,LacIrep3,172,1000000
0.52382084898532,0,LacIrep3,172,1500000
0.52382182569749,0,LacIrep3,172,2000000
0.523831952899882,0,LacIrep3,172,3000000
0.524000820567091,0,LacIrep3,172,5000000
0.531568023960648,0,LacIrep3,172,10000000
11.9937513633563,0,LacIrep3,172,40000000
57.9337375981473,0,LacIrep3,172,200000000
0.547572572499436,0,LacIrep3,173,1
0.547572578335719,0,LacIrep3,173,100000
0.547572863880003,0,LacIrep3,173,300000
0.547578332626374,0,LacIrep3,173,700000
0.547592813196362,0,LacIrep3,173,1000000
0.547651994261893,0,LacIrep3,173,1500000
0.547780523151709,0,LacIrep3,173,2000000
0.548430900324283,0,LacIrep3,173,3000000
0.552207582050441,0,LacIrep3,173,5000000
0.595720544311196,0,LacIrep3,173,10000000
5.23149967379936,0,LacIrep3,173,40000000
45.8486661295035,0,LacIrep3,173,200000000
0.523396124998999,0,LacIrep3,174,1
0.523396125005264,0,LacIrep3,174,100000
0.523396126090545,0,LacIrep3,174,300000
0.523396169998095,0,LacIrep3,174,700000
0.52339637600538,0,LacIrep3,174,1000000
0.523397766267266,0,LacIrep3,174,1500000
0.523402133950571,0,LacIrep3,174,2000000
0.523435612560444,0,LacIrep3,174,3000000
0.523791677080296,0,LacIrep3,174,5000000
0.532573797523291,0,LacIrep3,174,10000000
5.07914087503264,0,LacIrep3,174,40000000
58.5319633025787,0,LacIrep3,174,200000000
0.520592107298313,0,LacIrep3,175,1
0.520592107304199,0,LacIrep3,175,100000
0.520592108953151,0,LacIrep3,175,300000
0.520592234668316,0,LacIrep3,175,700000
0.520592895322864,0,LacIrep3,175,1000000
0.520598293809857,0,LacIrep3,175,1500000
0.520618409823671,0,LacIrep3,175,2000000
0.520796392136444,0,LacIrep3,175,3000000
0.523266873603695,0,LacIrep3,175,5000000
0.608101504815234,0,LacIrep3,175,10000000
32.6217547770688,0,LacIrep3,175,40000000
49.2921490407057,0,LacIrep3,175,200000000
0.537069231936802,0,LacIrep3,176,1
0.537079410150672,0,LacIrep3,176,100000
0.537225931249742,0,LacIrep3,176,300000
0.538267769480055,0,LacIrep3,176,700000
0.539867512413012,0,LacIrep3,176,1000000
0.544416775752068,0,LacIrep3,176,1500000
0.551583632512459,0,LacIrep3,176,2000000
0.57493615092081,0,LacIrep3,176,3000000
0.663442356734409,0,LacIrep3,176,5000000
1.18042709127001,0,LacIrep3,176,10000000
14.0208849861951,0,LacIrep3,176,40000000
59.7810346813517,0,LacIrep3,176,200000000
0.549219257184406,0,LacIrep3,177,1
0.549219257184427,0,LacIrep3,177,100000
0.549219257197448,0,LacIrep3,177,300000
0.549219258867448,0,LacIrep3,177,700000
0.549219270043761,0,LacIrep3,177,1000000
0.549219386539422,0,LacIrep3,177,1500000
0.549219926417041,0,LacIrep3,177,2000000
0.54922829956645,0,LacIrep3,177,3000000
0.549361961530685,0,LacIrep3,177,5000000
0.556456317066191,0,LacIrep3,177,10000000
14.0261509321576,0,LacIrep3,177,40000000
48.9406165278486,0,LacIrep3,177,200000000
0.520405305592166,0,LacIrep3,178,1
0.520405307231784,0,LacIrep3,178,100000
0.520405420112972,0,LacIrep3,178,300000
0.520407845701105,0,LacIrep3,178,700000
0.520414023733386,0,LacIrep3,178,1000000
0.520441417292268,0,LacIrep3,178,1500000
0.520503738918505,0,LacIrep3,178,2000000
0.520810672408626,0,LacIrep3,178,3000000
0.522809866941683,0,LacIrep3,178,5000000
0.547323237614095,0,LacIrep3,178,10000000
3.67836970408502,0,LacIrep3,178,40000000
48.8094639625082,0,LacIrep3,178,200000000
0.523602497509845,0,LacIrep3,179,1
0.523602827555305,0,LacIrep3,179,100000
0.523610210538539,0,LacIrep3,179,300000
0.523682425165297,0,LacIrep3,179,700000
0.523815445422872,0,LacIrep3,179,1000000
0.524245742100232,0,LacIrep3,179,1500000
0.525008505061561,0,LacIrep3,179,2000000
0.527834216351882,0,LacIrep3,179,3000000
0.54052099407013,0,LacIrep3,179,5000000
0.634292246513353,0,LacIrep3,179,10000000
4.9394079793401,0,LacIrep3,179,40000000
55.4084841705133,0,LacIrep3,179,200000000
0.528804099763284,0,LacIrep3,180,1
0.528804099763284,0,LacIrep3,180,100000
0.528804099763285,0,LacIrep3,180,300000
0.528804099763616,0,LacIrep3,180,700000
0.528804099770092,0,LacIrep3,180,1000000
0.528804099973301,0,LacIrep3,180,1500000
0.528804102150065,0,LacIrep3,180,2000000
0.528804172858927,0,LacIrep3,180,3000000
0.528809757619939,0,LacIrep3,180,5000000
0.530741197458426,0,LacIrep3,180,10000000
47.3872354261486,0,LacIrep3,180,40000000
59.2826706254413,0,LacIrep3,180,200000000
0.522662380148097,0,LacIrep3,181,1
0.522662380148097,0,LacIrep3,181,100000
0.522662380148097,0,LacIrep3,181,300000
0.522662380148097,0,LacIrep3,181,700000
0.522662380148099,0,LacIrep3,181,1000000
0.522662380148145,0,LacIrep3,181,1500000
0.522662380148664,0,LacIrep3,181,2000000
0.522662380167333,0,LacIrep3,181,3000000
0.522662379713406,0,LacIrep3,181,5000000
0.522663052901553,0,LacIrep3,181,10000000
0.63679420671201,0,LacIrep3,181,40000000
51.0952395356618,0,LacIrep3,181,200000000
0.522029426781148,0,LacIrep3,182,1
0.522029433766646,0,LacIrep3,182,100000
0.522029656176809,0,LacIrep3,182,300000
0.522032412478125,0,LacIrep3,182,700000
0.522038084521179,0,LacIrep3,182,1000000
0.522058682983345,0,LacIrep3,182,1500000
0.522097061070669,0,LacIrep3,182,2000000
0.52225198130671,0,LacIrep3,182,3000000
0.523029879663734,0,LacIrep3,182,5000000
0.529670439118368,0,LacIrep3,182,10000000
0.961800769116518,0,LacIrep3,182,40000000
24.423820932432,0,LacIrep3,182,200000000
0.549424564229922,0,LacIrep3,183,1
0.549424564246723,0,LacIrep3,183,100000
0.549424565961666,0,LacIrep3,183,300000
0.549424616617109,0,LacIrep3,183,700000
0.549424690743685,0,LacIrep3,183,1000000
0.549425622702502,0,LacIrep3,183,1500000
0.549427939429885,0,LacIrep3,183,2000000
0.549442053667475,0,LacIrep3,183,3000000
0.549551609361808,0,LacIrep3,183,5000000
0.551361253199425,0,LacIrep3,183,10000000
0.990006871430569,0,LacIrep3,183,40000000
48.5753927657989,0,LacIrep3,183,200000000
0.543597070563945,0,LacIrep3,184,1
0.543597070563945,0,LacIrep3,184,100000
0.543597070563945,0,LacIrep3,184,300000
0.543597070563945,0,LacIrep3,184,700000
0.543597070563952,0,LacIrep3,184,1000000
0.543597070564251,0,LacIrep3,184,1500000
0.543597070568545,0,LacIrep3,184,2000000
0.543597070773024,0,LacIrep3,184,3000000
0.543597096220444,0,LacIrep3,184,5000000
0.543614068748543,0,LacIrep3,184,10000000
7.31304103727679,0,LacIrep3,184,40000000
50.1841085243736,0,LacIrep3,184,200000000
0.520455937703625,0,LacIrep3,185,1
0.520455937703644,0,LacIrep3,185,100000
0.520455937709562,0,LacIrep3,185,300000
0.520455938149962,0,LacIrep3,185,700000
0.520455940415531,0,LacIrep3,185,1000000
0.520455958674828,0,LacIrep3,185,1500000
0.520456026141679,0,LacIrep3,185,2000000
0.52045663671221,0,LacIrep3,185,3000000
0.520464973694373,0,LacIrep3,185,5000000
0.520749486800862,0,LacIrep3,185,10000000
0.825613583868152,0,LacIrep3,185,40000000
48.9530180329902,0,LacIrep3,185,200000000
0.559226032776971,0,LacIrep3,186,1
0.559226128003242,0,LacIrep3,186,100000
0.559228735201421,0,LacIrep3,186,300000
0.559253724914827,0,LacIrep3,186,700000
0.559296023322099,0,LacIrep3,186,1000000
0.55942852178402,0,LacIrep3,186,1500000
0.559658591294731,0,LacIrep3,186,2000000
0.560451248533759,0,LacIrep3,186,3000000
0.563783643356144,0,LacIrep3,186,5000000
0.586272298947582,0,LacIrep3,186,10000000
1.48715870608189,0,LacIrep3,186,40000000
28.1842910632452,0,LacIrep3,186,200000000
0.523248651520973,0,LacIrep3,187,1
0.523248651616,0,LacIrep3,187,100000
0.523248657441787,0,LacIrep3,187,300000
0.523248776615526,0,LacIrep3,187,700000
0.523249110142994,0,LacIrep3,187,1000000
0.523250688452365,0,LacIrep3,187,1500000
0.523254102573903,0,LacIrep3,187,2000000
0.523272118088843,0,LacIrep3,187,3000000
0.523392778708083,0,LacIrep3,187,5000000
0.524926121703482,0,LacIrep3,187,10000000
0.748900526407362,0,LacIrep3,187,40000000
29.6982660592946,0,LacIrep3,187,200000000
0.521922459276308,0,LacIrep3,188,1
0.521922459419549,0,LacIrep3,188,100000
0.521922473362669,0,LacIrep3,188,300000
0.521922866523441,0,LacIrep3,188,700000
0.521924203596286,0,LacIrep3,188,1000000
0.52193163576504,0,LacIrep3,188,1500000
0.521951068253473,0,LacIrep3,188,2000000
0.522069857009331,0,LacIrep3,188,3000000
0.523082665994705,0,LacIrep3,188,5000000
0.540905895729569,0,LacIrep3,188,10000000
5.18097069424822,0,LacIrep3,188,40000000
54.720741851772,0,LacIrep3,188,200000000
0.522462688206391,0,LacIrep3,189,1
0.522463794505848,0,LacIrep3,189,100000
0.522495326331111,0,LacIrep3,189,300000
0.522880165124906,0,LacIrep3,189,700000
0.523689897631309,0,LacIrep3,189,1000000
0.526621889595648,0,LacIrep3,189,1500000
0.532312532112147,0,LacIrep3,189,2000000
0.555750174853623,0,LacIrep3,189,3000000
0.676425098969997,0,LacIrep3,189,5000000
1.72977024458472,0,LacIrep3,189,10000000
32.0689512038567,0,LacIrep3,189,40000000
52.7488450007882,0,LacIrep3,189,200000000
0.520358359637529,0,LacIrep3,190,1
0.520358359654395,0,LacIrep3,190,100000
0.520358362136841,0,LacIrep3,190,300000
0.520358469714449,0,LacIrep3,190,700000
0.52035890845415,0,LacIrep3,190,1000000
0.520361430637782,0,LacIrep3,190,1500000
0.520369004086006,0,LacIrep3,190,2000000
0.520420106234573,0,LacIrep3,190,3000000
0.520917476894397,0,LacIrep3,190,5000000
0.531470333230191,0,LacIrep3,190,10000000
4.50700056797077,0,LacIrep3,190,40000000
49.3063293744053,0,LacIrep3,190,200000000
0.522709470347272,0,LacIrep3,191,1
0.522709470347273,0,LacIrep3,191,100000
0.52270947034771,0,LacIrep3,191,300000
0.522709470386736,0,LacIrep3,191,700000
0.522709470604569,0,LacIrep3,191,1000000
0.522709472497066,0,LacIrep3,191,1500000
0.522709479997285,0,LacIrep3,191,2000000
0.5227095523318,0,LacIrep3,191,3000000
0.522710625857091,0,LacIrep3,191,5000000
0.522752550078509,0,LacIrep3,191,10000000
0.580439795615737,0,LacIrep3,191,40000000
41.2361903447647,0,LacIrep3,191,200000000
0.521412679298934,0,LacIrep3,192,1
0.521412679298934,0,LacIrep3,192,100000
0.521412679298938,0,LacIrep3,192,300000
0.521412679299897,0,LacIrep3,192,700000
0.521412679308244,0,LacIrep3,192,1000000
0.521412679420691,0,LacIrep3,192,1500000
0.521412680050511,0,LacIrep3,192,2000000
0.521412691766266,0,LacIrep3,192,3000000
0.521412924857102,0,LacIrep3,192,5000000
0.521432144110781,0,LacIrep3,192,10000000
0.641992793688454,0,LacIrep3,192,40000000
50.624260877285,0,LacIrep3,192,200000000
0.525402212793598,0,LacIrep3,193,1
0.52540221296947,0,LacIrep3,193,100000
0.525402231719001,0,LacIrep3,193,300000
0.525403995018098,0,LacIrep3,193,700000
0.525408774157108,0,LacIrep3,193,1000000
0.525436274270652,0,LacIrep3,193,1500000
0.525512002446345,0,LacIrep3,193,2000000
0.525995718866411,0,LacIrep3,193,3000000
0.530317031841339,0,LacIrep3,193,5000000
0.611780076818904,0,LacIrep3,193,10000000
17.517292783053,0,LacIrep3,193,40000000
46.9975239879326,0,LacIrep3,193,200000000
0.520768854331783,0,LacIrep3,194,1
0.52077235150706,0,LacIrep3,194,100000
0.520834884741265,0,LacIrep3,194,300000
0.521383241349319,0,LacIrep3,194,700000
0.522334717578974,0,LacIrep3,194,1000000
0.525271929968323,0,LacIrep3,194,1500000
0.530312817594148,0,LacIrep3,194,2000000
0.548240273166028,0,LacIrep3,194,3000000
0.624489268941072,0,LacIrep3,194,5000000
1.14419112623252,0,LacIrep3,194,10000000
16.6472094868795,0,LacIrep3,194,40000000
51.6054042823105,0,LacIrep3,194,200000000
0.526977933896753,0,LacIrep3,195,1
0.526977933899674,0,LacIrep3,195,100000
0.526977934218779,0,LacIrep3,195,300000
0.526977944231347,0,LacIrep3,195,700000
0.52697797760818,0,LacIrep3,195,1000000
0.52697815721095,0,LacIrep3,195,1500000
0.526978652653813,0,LacIrep3,195,2000000
0.526981695289367,0,LacIrep3,195,3000000
0.527007700351281,0,LacIrep3,195,5000000
0.527444001905398,0,LacIrep3,195,10000000
0.645508855922463,0,LacIrep3,195,40000000
31.2418548644942,0,LacIrep3,195,200000000
0.527895549907393,0,LacIrep3,196,1
0.527895550474481,0,LacIrep3,196,100000
0.52789558483388,0,LacIrep3,196,300000
0.527896279143908,0,LacIrep3,196,700000
0.527898095498283,0,LacIrep3,196,1000000
0.527905798595034,0,LacIrep3,196,1500000
0.52792404599349,0,LacIrep3,196,2000000
0.528010338785479,0,LacIrep3,196,3000000
0.528543082495767,0,LacIrep3,196,5000000
0.534774357963839,0,LacIrep3,196,10000000
1.29027209932598,0,LacIrep3,196,40000000
42.3060589164449,0,LacIrep3,196,200000000
0.521510372074446,0,LacIrep3,197,1
0.521510372074446,0,LacIrep3,197,100000
0.521510372074525,0,LacIrep3,197,300000
0.521510372078965,0,LacIrep3,197,700000
0.521510372098579,0,LacIrep3,197,1000000
0.521510372234496,0,LacIrep3,197,1500000
0.521510372683676,0,LacIrep3,197,2000000
0.521510376062418,0,LacIrep3,197,3000000
0.521510414011105,0,LacIrep3,197,5000000
0.521511467297946,0,LacIrep3,197,10000000
0.522145098613903,0,LacIrep3,197,40000000
1.54876710861456,0,LacIrep3,197,200000000
0.522616042092242,0,LacIrep3,198,1
0.52261604209226,0,LacIrep3,198,100000
0.522616042097133,0,LacIrep3,198,300000
0.522616042427177,0,LacIrep3,198,700000
0.52261604405191,0,LacIrep3,198,1000000
0.522616056617771,0,LacIrep3,198,1500000
0.522616102115885,0,LacIrep3,198,2000000
0.522616480344502,0,LacIrep3,198,3000000
0.522621456499195,0,LacIrep3,198,5000000
0.522778811350515,0,LacIrep3,198,10000000
0.670350428276846,0,LacIrep3,198,40000000
50.6748046388515,0,LacIrep3,198,200000000
0.525277256047149,0,LacIrep3,199,1
0.599803488803003,0,LacIrep3,199,100000
0.756681804307412,0,LacIrep3,199,300000
1.06669515163163,0,LacIrep3,199,700000
1.29647916526655,0,LacIrep3,199,1000000
1.6735033515431,0,LacIrep3,199,1500000
2.04592967290827,0,LacIrep3,199,2000000
2.7721073330961,0,LacIrep3,199,3000000
4.16044942303785,0,LacIrep3,199,5000000
7.31877373148625,0,LacIrep3,199,10000000
20.0706730600654,0,LacIrep3,199,40000000
39.884181857879,0,LacIrep3,199,200000000
0.558237606008783,0,LacIrep3,200,1
0.558237700014527,0,LacIrep3,200,100000
0.55823995750807,0,LacIrep3,200,300000
0.558260497583783,0,LacIrep3,200,700000
0.558298619201723,0,LacIrep3,200,1000000
0.558430612771272,0,LacIrep3,200,1500000
0.558677011713931,0,LacIrep3,200,2000000
0.559644700649928,0,LacIrep3,200,3000000
0.564310458393366,0,LacIrep3,200,5000000
0.602244457683172,0,LacIrep3,200,10000000
2.76428155252533,0,LacIrep3,200,40000000
38.0349804770094,0,LacIrep3,200,200000000
