SimFluoValues,Dose,Repression_Coefficient,Draw
0.52074264439904,1,LacIrep1,1
19.863436441627,100000,LacIrep1,1
52.2564765119027,300000,LacIrep1,1
55.2517299148589,700000,LacIrep1,1
55.4295717107861,1000000,LacIrep1,1
55.5227836128739,1500000,LacIrep1,1
55.5391945490458,2000000,LacIrep1,1
55.5477865189668,3000000,LacIrep1,1
55.550567085474,5000000,LacIrep1,1
55.5512697379667,10000000,LacIrep1,1
55.5513716157759,40000000,LacIrep1,1
55.5513733148564,200000000,LacIrep1,1
0.520751917143985,1,LacIrep1,2
27.7326364894664,100000,LacIrep1,2
54.193170969635,300000,LacIrep1,2
55.900365708537,700000,LacIrep1,2
56.0230415301993,1000000,LacIrep1,2
56.0582092641266,1500000,LacIrep1,2
56.0668105228417,2000000,LacIrep1,2
56.0711680468225,3000000,LacIrep1,2
56.0725987896462,5000000,LacIrep1,2
56.0729417759679,10000000,LacIrep1,2
56.0729896995748,40000000,LacIrep1,2
56.0729160012687,200000000,LacIrep1,2
0.520685765165474,1,LacIrep1,3
25.8713433867723,100000,LacIrep1,3
52.536956322496,300000,LacIrep1,3
55.1208350406357,700000,LacIrep1,3
55.3062088889239,1000000,LacIrep1,3
55.3823054160906,1500000,LacIrep1,3
55.4029153451206,2000000,LacIrep1,3
55.4145345418939,3000000,LacIrep1,3
55.4189116450023,5000000,LacIrep1,3
55.4201912355623,10000000,LacIrep1,3
55.4204119853098,40000000,LacIrep1,3
55.4203820070579,200000000,LacIrep1,3
0.520845886097894,1,LacIrep1,4
28.7372942343738,100000,LacIrep1,4
60.478648232478,300000,LacIrep1,4
64.4027712585806,700000,LacIrep1,4
64.7299282266583,1000000,LacIrep1,4
64.8740897482188,1500000,LacIrep1,4
64.9158919805505,2000000,LacIrep1,4
64.9410185458396,3000000,LacIrep1,4
64.9512141305943,5000000,LacIrep1,4
64.9544381197931,10000000,LacIrep1,4
64.9551359973182,40000000,LacIrep1,4
64.9551564989048,200000000,LacIrep1,4
0.520866427433138,1,LacIrep1,5
20.8198318864456,100000,LacIrep1,5
55.975631018794,300000,LacIrep1,5
61.6571128083577,700000,LacIrep1,5
62.1443777741308,1000000,LacIrep1,5
62.3889066941335,1500000,LacIrep1,5
62.4514623614999,2000000,LacIrep1,5
62.4630414094342,3000000,LacIrep1,5
62.4783407740954,5000000,LacIrep1,5
62.4831371877114,10000000,LacIrep1,5
62.4841010939043,40000000,LacIrep1,5
62.4841311168334,200000000,LacIrep1,5
0.520585782150288,1,LacIrep1,6
21.2501899507789,100000,LacIrep1,6
53.0530195899552,300000,LacIrep1,6
55.8375950197585,700000,LacIrep1,6
56.0010997103428,1000000,LacIrep1,6
56.0613709991477,1500000,LacIrep1,6
56.0761464238333,2000000,LacIrep1,6
56.0839494999886,3000000,LacIrep1,6
56.0862941061122,5000000,LacIrep1,6
56.08690967221,10000000,LacIrep1,6
56.0871825011195,40000000,LacIrep1,6
56.0869988890442,200000000,LacIrep1,6
0.520665990351422,1,LacIrep1,7
35.3131703409942,100000,LacIrep1,7
60.0480980324957,300000,LacIrep1,7
61.3970343757796,700000,LacIrep1,7
61.4711481613819,1000000,LacIrep1,7
61.498201722452,1500000,LacIrep1,7
61.5044463071321,2000000,LacIrep1,7
61.5077118502864,3000000,LacIrep1,7
61.5089661044966,5000000,LacIrep1,7
61.5090243122227,10000000,LacIrep1,7
61.5092516833927,40000000,LacIrep1,7
61.5090593020318,200000000,LacIrep1,7
0.520699535580979,1,LacIrep1,8
23.6686673589326,100000,LacIrep1,8
53.5730436785925,300000,LacIrep1,8
56.0133671279087,700000,LacIrep1,8
56.1610097703613,1000000,LacIrep1,8
56.2164116126512,1500000,LacIrep1,8
56.2302175887575,2000000,LacIrep1,8
56.2373937713307,3000000,LacIrep1,8
56.2398738979813,5000000,LacIrep1,8
56.2404504230588,10000000,LacIrep1,8
56.2405408757594,40000000,LacIrep1,8
56.2405424418385,200000000,LacIrep1,8
0.520628195601238,1,LacIrep1,9
22.4840581665387,100000,LacIrep1,9
56.0336734121024,300000,LacIrep1,9
58.7284209534414,700000,LacIrep1,9
58.8783561856616,1000000,LacIrep1,9
58.9323704499878,1500000,LacIrep1,9
58.9452499459128,2000000,LacIrep1,9
58.951559722642,3000000,LacIrep1,9
58.9538467360892,5000000,LacIrep1,9
58.9543391283494,10000000,LacIrep1,9
58.9544059362584,40000000,LacIrep1,9
58.9544069238801,200000000,LacIrep1,9
0.520713961801002,1,LacIrep1,10
33.4552280765402,100000,LacIrep1,10
62.2395922265956,300000,LacIrep1,10
64.5111450352426,700000,LacIrep1,10
64.6629555486316,1000000,LacIrep1,10
64.7234010445351,1500000,LacIrep1,10
64.7392816203061,2000000,LacIrep1,10
64.7480198391445,3000000,LacIrep1,10
64.7511854399997,5000000,LacIrep1,10
64.7520452888016,10000000,LacIrep1,10
64.7521883879445,40000000,LacIrep1,10
64.7521914429626,200000000,LacIrep1,10
0.520651365257477,1,LacIrep1,11
31.2330884049441,100000,LacIrep1,11
58.2273217650843,300000,LacIrep1,11
60.3062868854113,700000,LacIrep1,11
60.4418615608218,1000000,LacIrep1,11
60.4954540961552,1500000,LacIrep1,11
60.5091148926983,2000000,LacIrep1,11
60.5168502935139,3000000,LacIrep1,11
60.5193483845601,5000000,LacIrep1,11
60.5200657840104,10000000,LacIrep1,11
60.5201820096005,40000000,LacIrep1,11
60.5203774999016,200000000,LacIrep1,11
0.520740179211594,1,LacIrep1,12
20.2980737376265,100000,LacIrep1,12
51.9260730029981,300000,LacIrep1,12
55.0730597418533,700000,LacIrep1,12
55.2731541925222,1000000,LacIrep1,12
55.3774992381507,1500000,LacIrep1,12
55.3972458142144,2000000,LacIrep1,12
55.362200981089,3000000,LacIrep1,12
55.388378144838,5000000,LacIrep1,12
55.3893297948519,10000000,LacIrep1,12
55.3894775478625,40000000,LacIrep1,12
55.3894803354392,200000000,LacIrep1,12
0.520720248685975,1,LacIrep1,13
33.2900540954853,100000,LacIrep1,13
59.5117770957044,300000,LacIrep1,13
60.9660222301886,700000,LacIrep1,13
61.0445253914603,1000000,LacIrep1,13
61.0726816581436,1500000,LacIrep1,13
61.0793727739894,2000000,LacIrep1,13
61.0827543509183,3000000,LacIrep1,13
61.0838417356193,5000000,LacIrep1,13
61.0840893156317,10000000,LacIrep1,13
61.0841307774186,40000000,LacIrep1,13
61.0841312835653,200000000,LacIrep1,13
0.520581917842892,1,LacIrep1,14
21.3229586398627,100000,LacIrep1,14
52.9898672434953,300000,LacIrep1,14
55.6002340084808,700000,LacIrep1,14
55.7485921267321,1000000,LacIrep1,14
55.8030584568467,1500000,LacIrep1,14
55.8159619451178,2000000,LacIrep1,14
55.8226449881524,3000000,LacIrep1,14
55.8248346730414,5000000,LacIrep1,14
55.8253583573939,10000000,LacIrep1,14
55.8256232633395,40000000,LacIrep1,14
55.825624395953,200000000,LacIrep1,14
0.520618325985162,1,LacIrep1,15
20.3036501478164,100000,LacIrep1,15
49.7007575052164,300000,LacIrep1,15
54.0126957528955,700000,LacIrep1,15
54.3786475922716,1000000,LacIrep1,15
54.5392103109927,1500000,LacIrep1,15
54.5859582240899,2000000,LacIrep1,15
54.6140272861155,3000000,LacIrep1,15
54.6254236550129,5000000,LacIrep1,15
54.6290066129795,10000000,LacIrep1,15
54.629746192895,40000000,LacIrep1,15
54.6297687244242,200000000,LacIrep1,15
0.520587087839117,1,LacIrep1,16
25.0535387055009,100000,LacIrep1,16
53.4263925003502,300000,LacIrep1,16
55.9188912653523,700000,LacIrep1,16
56.0818212002385,1000000,LacIrep1,16
56.1457216354628,1500000,LacIrep1,16
56.1622418537931,2000000,LacIrep1,16
56.1711995808289,3000000,LacIrep1,16
56.174381492408,5000000,LacIrep1,16
56.1752243393502,10000000,LacIrep1,16
56.1753597363777,40000000,LacIrep1,16
56.175362450948,200000000,LacIrep1,16
0.52081973772961,1,LacIrep1,17
27.5023665841587,100000,LacIrep1,17
57.3500017498745,300000,LacIrep1,17
59.640706204385,700000,LacIrep1,17
59.7803226432126,1000000,LacIrep1,17
59.8622694335365,1500000,LacIrep1,17
59.8755366722461,2000000,LacIrep1,17
59.8826431203067,3000000,LacIrep1,17
59.8849750341289,5000000,LacIrep1,17
59.8856562241095,10000000,LacIrep1,17
59.885747476845,40000000,LacIrep1,17
59.8856753814174,200000000,LacIrep1,17
0.520727173392422,1,LacIrep1,18
24.2189726351671,100000,LacIrep1,18
56.7891700143443,300000,LacIrep1,18
60.972837459961,700000,LacIrep1,18
61.3041210744598,1000000,LacIrep1,18
61.4464264691913,1500000,LacIrep1,18
61.4865880093059,2000000,LacIrep1,18
61.5101338596532,3000000,LacIrep1,18
61.5194089202286,5000000,LacIrep1,18
61.5222102629192,10000000,LacIrep1,18
61.5227516847529,40000000,LacIrep1,18
61.5227667744453,200000000,LacIrep1,18
0.520688476677469,1,LacIrep1,19
26.1462829567293,100000,LacIrep1,19
55.0924265296703,300000,LacIrep1,19
58.5893974154197,700000,LacIrep1,19
58.8753627214325,1000000,LacIrep1,19
59.0007516018212,1500000,LacIrep1,19
59.0368686066347,2000000,LacIrep1,19
59.058448578251,3000000,LacIrep1,19
59.0671604333378,5000000,LacIrep1,19
59.0698765282473,10000000,LacIrep1,19
59.0704185365221,40000000,LacIrep1,19
59.0704351103207,200000000,LacIrep1,19
0.520698721459413,1,LacIrep1,20
28.2741853297632,100000,LacIrep1,20
53.955107849104,300000,LacIrep1,20
55.9826899887539,700000,LacIrep1,20
56.115385537223,1000000,LacIrep1,20
56.1676305798904,1500000,LacIrep1,20
56.1811936866074,2000000,LacIrep1,20
56.1886173114913,3000000,LacIrep1,20
56.1912788890979,5000000,LacIrep1,20
56.1919923895251,10000000,LacIrep1,20
56.1921089655436,40000000,LacIrep1,20
56.1921113753567,200000000,LacIrep1,20
0.520699677624037,1,LacIrep1,21
27.0098907635879,100000,LacIrep1,21
52.913684624083,300000,LacIrep1,21
55.8452618047423,700000,LacIrep1,21
56.0852520096109,1000000,LacIrep1,21
56.1903677758059,1500000,LacIrep1,21
56.2207050917357,2000000,LacIrep1,21
56.2388607808662,3000000,LacIrep1,21
56.2462115148902,5000000,LacIrep1,21
56.2485105934647,10000000,LacIrep1,21
56.2489775136197,40000000,LacIrep1,21
56.2489917134432,200000000,LacIrep1,21
0.520896128832254,1,LacIrep1,22
25.1877757568448,100000,LacIrep1,22
60.1961378444482,300000,LacIrep1,22
63.7656067867186,700000,LacIrep1,22
64.0069026178009,1000000,LacIrep1,22
64.1344779043145,1500000,LacIrep1,22
64.1598870785047,2000000,LacIrep1,22
64.1738517602926,3000000,LacIrep1,22
64.1261745341555,5000000,LacIrep1,22
64.1275103867844,10000000,LacIrep1,22
64.1277319475491,40000000,LacIrep1,22
64.1277366530022,200000000,LacIrep1,22
0.520659095939952,1,LacIrep1,23
22.5605374478927,100000,LacIrep1,23
53.0162820292429,300000,LacIrep1,23
56.7390383734515,700000,LacIrep1,23
57.0268072615821,1000000,LacIrep1,23
57.1476838564458,1500000,LacIrep1,23
57.181587428169,2000000,LacIrep1,23
57.2012439700749,3000000,LacIrep1,23
57.20886737244,5000000,LacIrep1,23
57.2111369360076,10000000,LacIrep1,23
57.2115629892785,40000000,LacIrep1,23
57.2115743305795,200000000,LacIrep1,23
0.520593398612945,1,LacIrep1,24
24.9227776396654,100000,LacIrep1,24
53.6067523127374,300000,LacIrep1,24
56.3083360624404,700000,LacIrep1,24
56.4927125998232,1000000,LacIrep1,24
56.5665692059758,1500000,LacIrep1,24
56.5860517531294,2000000,LacIrep1,24
56.5966144608186,3000000,LacIrep1,24
56.6007208018521,5000000,LacIrep1,24
56.6017893369777,10000000,LacIrep1,24
56.6017762887739,40000000,LacIrep1,24
56.6017801674949,200000000,LacIrep1,24
0.520833775677839,1,LacIrep1,25
27.6813730407945,100000,LacIrep1,25
61.0373765264963,300000,LacIrep1,25
63.9478651205235,700000,LacIrep1,25
64.1316221604146,1000000,LacIrep1,25
64.2022891374181,1500000,LacIrep1,25
64.2203064887564,2000000,LacIrep1,25
64.2299157353762,3000000,LacIrep1,25
64.2332639369138,5000000,LacIrep1,25
64.2341293362886,10000000,LacIrep1,25
64.2342636459815,40000000,LacIrep1,25
64.234228371233,200000000,LacIrep1,25
0.520625192894473,1,LacIrep1,26
16.3149620400568,100000,LacIrep1,26
48.4654692634141,300000,LacIrep1,26
54.2262862898704,700000,LacIrep1,26
54.7244137517103,1000000,LacIrep1,26
54.9426592978141,1500000,LacIrep1,26
55.0058557641486,2000000,LacIrep1,26
55.0436182480725,3000000,LacIrep1,26
55.05887458163,5000000,LacIrep1,26
55.0636385806469,10000000,LacIrep1,26
55.0646004534712,40000000,LacIrep1,26
55.0646222742485,200000000,LacIrep1,26
0.520726924268763,1,LacIrep1,27
20.8460051383515,100000,LacIrep1,27
57.6489151179031,300000,LacIrep1,27
61.1899576018032,700000,LacIrep1,27
61.3965113953014,1000000,LacIrep1,27
61.4728667864354,1500000,LacIrep1,27
61.4914916045769,2000000,LacIrep1,27
61.5010715866582,3000000,LacIrep1,27
61.5042459385173,5000000,LacIrep1,27
61.5050088099752,10000000,LacIrep1,27
61.5051253059411,40000000,LacIrep1,27
61.5051270635877,200000000,LacIrep1,27
0.52066392300771,1,LacIrep1,28
24.0583086137623,100000,LacIrep1,28
53.2401383170129,300000,LacIrep1,28
56.9938407300917,700000,LacIrep1,28
57.3046154102889,1000000,LacIrep1,28
57.4412541256215,1500000,LacIrep1,28
57.4807029494949,2000000,LacIrep1,28
57.5043122755045,3000000,LacIrep1,28
57.513870544378,5000000,LacIrep1,28
57.5168599053177,10000000,LacIrep1,28
57.5174670220581,40000000,LacIrep1,28
57.5174854891063,200000000,LacIrep1,28
0.52077765108887,1,LacIrep1,29
27.7259898044883,100000,LacIrep1,29
55.1670734683861,300000,LacIrep1,29
57.2826594176601,700000,LacIrep1,29
57.4165628872689,1000000,LacIrep1,29
57.4960067942906,1500000,LacIrep1,29
57.5091774021688,2000000,LacIrep1,29
57.5162735887416,3000000,LacIrep1,29
57.5188278719314,5000000,LacIrep1,29
57.5194716407628,10000000,LacIrep1,29
57.5195721346869,40000000,LacIrep1,29
57.519574048417,200000000,LacIrep1,29
0.520756782643844,1,LacIrep1,30
29.4471546714828,100000,LacIrep1,30
60.4654027109347,300000,LacIrep1,30
63.1183796632001,700000,LacIrep1,30
63.294451941631,1000000,LacIrep1,30
63.3644747517402,1500000,LacIrep1,30
63.3828040419417,2000000,LacIrep1,30
63.3928712967383,3000000,LacIrep1,30
63.3965021477286,5000000,LacIrep1,30
63.3974838536762,10000000,LacIrep1,30
63.3976462189635,40000000,LacIrep1,30
63.397649650197,200000000,LacIrep1,30
0.520765094735019,1,LacIrep1,31
29.1858068230491,100000,LacIrep1,31
57.6372999702758,300000,LacIrep1,31
59.913642485373,700000,LacIrep1,31
60.0605774625908,1000000,LacIrep1,31
60.1179051819336,1500000,LacIrep1,31
60.1327103379339,2000000,LacIrep1,31
60.1407319764373,3000000,LacIrep1,31
60.1435788421761,5000000,LacIrep1,31
60.1443321765883,10000000,LacIrep1,31
60.1444530337438,40000000,LacIrep1,31
60.1444554514489,200000000,LacIrep1,31
0.520723090061369,1,LacIrep1,32
31.5101276397696,100000,LacIrep1,32
59.3661140361582,300000,LacIrep1,32
61.1131995770655,700000,LacIrep1,32
61.2121941882863,1000000,LacIrep1,32
61.2487659907612,1500000,LacIrep1,32
61.2576444028863,2000000,LacIrep1,32
61.2621972655899,3000000,LacIrep1,32
61.2636989442434,5000000,LacIrep1,32
61.2640610171905,10000000,LacIrep1,32
61.2641049960245,40000000,LacIrep1,32
61.2641128217143,200000000,LacIrep1,32
0.520760448513968,1,LacIrep1,33
20.4816225898245,100000,LacIrep1,33
57.2686115008828,300000,LacIrep1,33
62.8835096386291,700000,LacIrep1,33
63.3354205330083,1000000,LacIrep1,33
63.5272363033387,1500000,LacIrep1,33
63.5812856465581,2000000,LacIrep1,33
63.6127866193411,3000000,LacIrep1,33
63.6250960049346,5000000,LacIrep1,33
63.6287830266287,10000000,LacIrep1,33
63.6294767753823,40000000,LacIrep1,33
63.6294958177397,200000000,LacIrep1,33
0.520653644967712,1,LacIrep1,34
17.754369533656,100000,LacIrep1,34
53.853078313354,300000,LacIrep1,34
59.8713642323586,700000,LacIrep1,34
60.3573337372942,1000000,LacIrep1,34
60.5651051187293,1500000,LacIrep1,34
60.6230971514705,2000000,LacIrep1,34
60.6569036029577,3000000,LacIrep1,34
60.6702341428521,5000000,LacIrep1,34
60.6739706109581,10000000,LacIrep1,34
60.6747101459832,40000000,LacIrep1,34
60.6749044830331,200000000,LacIrep1,34
0.520721605489849,1,LacIrep1,35
26.1660582825363,100000,LacIrep1,35
54.0043857327591,300000,LacIrep1,35
57.1436701877559,700000,LacIrep1,35
57.3919892130488,1000000,LacIrep1,35
57.4986126535951,1500000,LacIrep1,35
57.5288204290716,2000000,LacIrep1,35
57.5465929886281,3000000,LacIrep1,35
57.5536276593108,5000000,LacIrep1,35
57.5557655178838,10000000,LacIrep1,35
57.5561823417799,40000000,LacIrep1,35
57.5561941383967,200000000,LacIrep1,35
0.520753554726242,1,LacIrep1,36
19.9966836166581,100000,LacIrep1,36
52.8345345125166,300000,LacIrep1,36
55.8631505665669,700000,LacIrep1,36
56.0692047924996,1000000,LacIrep1,36
56.1361491063578,1500000,LacIrep1,36
56.1525926272696,2000000,LacIrep1,36
56.1611093103873,3000000,LacIrep1,36
56.1639559561506,5000000,LacIrep1,36
56.1646541159169,10000000,LacIrep1,36
56.1647548459681,40000000,LacIrep1,36
56.1647565109648,200000000,LacIrep1,36
0.520719530601462,1,LacIrep1,37
26.3387900554393,100000,LacIrep1,37
58.1509875235308,300000,LacIrep1,37
60.789773335619,700000,LacIrep1,37
60.9506281616773,1000000,LacIrep1,37
61.0117512536057,1500000,LacIrep1,37
61.0270572627564,2000000,LacIrep1,37
61.0351141792335,3000000,LacIrep1,37
61.0378668067614,5000000,LacIrep1,37
61.0385606914607,10000000,LacIrep1,37
61.0386646713746,40000000,LacIrep1,37
61.0386665108772,200000000,LacIrep1,37
0.520764413292621,1,LacIrep1,38
24.8623104313476,100000,LacIrep1,38
54.4279834442364,300000,LacIrep1,38
56.5635423963092,700000,LacIrep1,38
56.6847790438128,1000000,LacIrep1,38
56.7565595462348,1500000,LacIrep1,38
56.7673672820605,2000000,LacIrep1,38
56.7728940449161,3000000,LacIrep1,38
56.7747101810681,5000000,LacIrep1,38
56.775146045915,10000000,LacIrep1,38
56.7752070489119,40000000,LacIrep1,38
56.775208003186,200000000,LacIrep1,38
0.520914098942344,1,LacIrep1,39
25.328276330882,100000,LacIrep1,39
60.1685365388647,300000,LacIrep1,39
64.5820486546183,700000,LacIrep1,39
64.9301753716762,1000000,LacIrep1,39
65.1107293373751,1500000,LacIrep1,39
65.1529525908592,2000000,LacIrep1,39
65.1504351074064,3000000,LacIrep1,39
65.1601634478491,5000000,LacIrep1,39
65.1630935331046,10000000,LacIrep1,39
65.1636577318139,40000000,LacIrep1,39
65.1636733556635,200000000,LacIrep1,39
0.520632955164998,1,LacIrep1,40
20.3076080774809,100000,LacIrep1,40
51.4726217215834,300000,LacIrep1,40
55.1395042819212,700000,LacIrep1,40
55.3993295719872,1000000,LacIrep1,40
55.5047215907291,1500000,LacIrep1,40
55.5328537253526,2000000,LacIrep1,40
55.5485430902289,3000000,LacIrep1,40
55.5543271565976,5000000,LacIrep1,40
55.5559331419744,10000000,LacIrep1,40
55.5562016157924,40000000,LacIrep1,40
55.5562149882192,200000000,LacIrep1,40
0.520688492115151,1,LacIrep1,41
30.1384359456526,100000,LacIrep1,41
60.4150647361332,300000,LacIrep1,41
62.7946595710123,700000,LacIrep1,41
62.9455935876849,1000000,LacIrep1,41
63.0037642437801,1500000,LacIrep1,41
63.0186796867816,2000000,LacIrep1,41
63.0268734983702,3000000,LacIrep1,41
63.0296782806269,5000000,LacIrep1,41
63.0304086805094,10000000,LacIrep1,41
63.0305232566092,40000000,LacIrep1,41
63.0303371554322,200000000,LacIrep1,41
0.520711175118338,1,LacIrep1,42
28.7762671724761,100000,LacIrep1,42
61.473849212414,300000,LacIrep1,42
64.2797910569364,700000,LacIrep1,42
64.4608175361323,1000000,LacIrep1,42
64.5314646261318,1500000,LacIrep1,42
64.5498275130839,2000000,LacIrep1,42
64.5596358210836,3000000,LacIrep1,42
64.5629110876534,5000000,LacIrep1,42
64.5638223064381,10000000,LacIrep1,42
64.563967245835,40000000,LacIrep1,42
64.5641587844935,200000000,LacIrep1,42
0.520689813363378,1,LacIrep1,43
31.9840974061854,100000,LacIrep1,43
56.8240189316308,300000,LacIrep1,43
58.9109630342769,700000,LacIrep1,43
59.0620122956909,1000000,LacIrep1,43
59.1248473390614,1500000,LacIrep1,43
59.1420334713384,2000000,LacIrep1,43
59.1518379319659,3000000,LacIrep1,43
59.1555644868437,5000000,LacIrep1,43
59.1566404049762,10000000,LacIrep1,43
59.1568355483725,40000000,LacIrep1,43
59.156840408487,200000000,LacIrep1,43
0.520838039410367,1,LacIrep1,44
24.4660397484208,100000,LacIrep1,44
57.7958241996019,300000,LacIrep1,44
60.6243208196341,700000,LacIrep1,44
60.7942232148652,1000000,LacIrep1,44
60.8871245215495,1500000,LacIrep1,44
60.9029801754068,2000000,LacIrep1,44
60.9111824961347,3000000,LacIrep1,44
60.9140520707725,5000000,LacIrep1,44
60.9147463828328,10000000,LacIrep1,44
60.9147738980218,40000000,LacIrep1,44
60.9147756370792,200000000,LacIrep1,44
0.520737393448596,1,LacIrep1,45
20.9847618843247,100000,LacIrep1,45
54.0458491441028,300000,LacIrep1,45
58.032631989799,700000,LacIrep1,45
58.3198206793371,1000000,LacIrep1,45
58.4368557781976,1500000,LacIrep1,45
58.4682797305753,2000000,LacIrep1,45
58.4859462258168,3000000,LacIrep1,45
58.4925558524088,5000000,LacIrep1,45
58.4944035126899,10000000,LacIrep1,45
58.4947261843544,40000000,LacIrep1,45
58.4946983839157,200000000,LacIrep1,45
0.520912756227497,1,LacIrep1,46
20.0312552647977,100000,LacIrep1,46
60.7877228438859,300000,LacIrep1,46
64.751562963782,700000,LacIrep1,46
64.9717447962919,1000000,LacIrep1,46
65.0829688849367,1500000,LacIrep1,46
65.1019369101694,2000000,LacIrep1,46
65.111401688472,3000000,LacIrep1,46
65.1144668718392,5000000,LacIrep1,46
65.1151819830856,10000000,LacIrep1,46
65.1153517373913,40000000,LacIrep1,46
65.1152796183175,200000000,LacIrep1,46
0.520663806799792,1,LacIrep1,47
25.7496890308815,100000,LacIrep1,47
57.2736215389577,300000,LacIrep1,47
60.9014532345793,700000,LacIrep1,47
61.1807634071671,1000000,LacIrep1,47
61.2994404950688,1500000,LacIrep1,47
61.3325311657726,2000000,LacIrep1,47
61.3517306407096,3000000,LacIrep1,47
61.3591921902377,5000000,LacIrep1,47
61.361408003202,10000000,LacIrep1,47
61.3618262097083,40000000,LacIrep1,47
61.361837388488,200000000,LacIrep1,47
0.520808951521603,1,LacIrep1,48
22.1217352921945,100000,LacIrep1,48
58.8266606421975,300000,LacIrep1,48
62.4206813746584,700000,LacIrep1,48
62.6388402089285,1000000,LacIrep1,48
62.720585788991,1500000,LacIrep1,48
62.7408412285339,2000000,LacIrep1,48
62.7513844783661,3000000,LacIrep1,48
62.7549579026651,5000000,LacIrep1,48
62.7558461484521,10000000,LacIrep1,48
62.7559766987983,40000000,LacIrep1,48
62.7559789288167,200000000,LacIrep1,48
0.520738323550899,1,LacIrep1,49
22.2565413970193,100000,LacIrep1,49
55.3527809055042,300000,LacIrep1,49
58.2871037693615,700000,LacIrep1,49
58.4594251482132,1000000,LacIrep1,49
58.5230670415683,1500000,LacIrep1,49
58.5386841536732,2000000,LacIrep1,49
58.5466926797579,3000000,LacIrep1,49
58.5494027063811,5000000,LacIrep1,49
58.5500202083026,10000000,LacIrep1,49
58.5501478856751,40000000,LacIrep1,49
58.5501493995666,200000000,LacIrep1,49
0.52063066122413,1,LacIrep1,50
32.3173870706747,100000,LacIrep1,50
53.7357097135364,300000,LacIrep1,50
55.249064541953,700000,LacIrep1,50
55.3506865369354,1000000,LacIrep1,50
55.3915878513631,1500000,LacIrep1,50
55.402402094158,2000000,LacIrep1,50
55.4083940628045,3000000,LacIrep1,50
55.4105789681072,5000000,LacIrep1,50
55.4111712180199,10000000,LacIrep1,50
55.4112793777468,40000000,LacIrep1,50
55.4112815914439,200000000,LacIrep1,50
0.520636060043316,1,LacIrep1,51
14.2400696559727,100000,LacIrep1,51
52.9480260267566,300000,LacIrep1,51
58.8728836050536,700000,LacIrep1,51
59.2662108858268,1000000,LacIrep1,51
59.4179920722688,1500000,LacIrep1,51
59.4564362760878,2000000,LacIrep1,51
59.476886772418,3000000,LacIrep1,51
59.4839667254261,5000000,LacIrep1,51
59.485781868998,10000000,LacIrep1,51
59.4860604555345,40000000,LacIrep1,51
59.4860656018027,200000000,LacIrep1,51
0.520761112097223,1,LacIrep1,52
18.5189302069491,100000,LacIrep1,52
58.5760876477506,300000,LacIrep1,52
63.2339170032512,700000,LacIrep1,52
63.5188341217893,1000000,LacIrep1,52
63.6255823592688,1500000,LacIrep1,52
63.6519585763122,2000000,LacIrep1,52
63.6656748830277,3000000,LacIrep1,52
63.670290720286,5000000,LacIrep1,52
63.671438877145,10000000,LacIrep1,52
63.6715981193994,40000000,LacIrep1,52
63.6716009243653,200000000,LacIrep1,52
0.520851525523112,1,LacIrep1,53
19.8112921153955,100000,LacIrep1,53
55.7126094036649,300000,LacIrep1,53
60.9691140849606,700000,LacIrep1,53
61.3784076042639,1000000,LacIrep1,53
61.5561910282681,1500000,LacIrep1,53
61.6045212947044,2000000,LacIrep1,53
61.6324005662889,3000000,LacIrep1,53
61.6431406662927,5000000,LacIrep1,53
61.646303990867,10000000,LacIrep1,53
61.6468930404954,40000000,LacIrep1,53
61.6469084145792,200000000,LacIrep1,53
0.520802820709538,1,LacIrep1,54
21.0946273949998,100000,LacIrep1,54
55.2767165923977,300000,LacIrep1,54
58.5927162860687,700000,LacIrep1,54
58.7955849461879,1000000,LacIrep1,54
58.9009614780536,1500000,LacIrep1,54
58.9201872707023,2000000,LacIrep1,54
58.9303516808763,3000000,LacIrep1,54
58.9337101972965,5000000,LacIrep1,54
58.9346440338708,10000000,LacIrep1,54
58.9346985478416,40000000,LacIrep1,54
58.9347007816187,200000000,LacIrep1,54
0.520813566946516,1,LacIrep1,55
19.2183578079567,100000,LacIrep1,55
55.6759152681263,300000,LacIrep1,55
59.2045031313068,700000,LacIrep1,55
59.4061063134621,1000000,LacIrep1,55
59.5083497072173,1500000,LacIrep1,55
59.526087187896,2000000,LacIrep1,55
59.5351517629587,3000000,LacIrep1,55
59.5381110172856,5000000,LacIrep1,55
59.5388889183139,10000000,LacIrep1,55
59.5389863670814,40000000,LacIrep1,55
59.5389878599169,200000000,LacIrep1,55
0.520576995278799,1,LacIrep1,56
19.3273633054521,100000,LacIrep1,56
52.3628140876854,300000,LacIrep1,56
55.2520140481636,700000,LacIrep1,56
55.4122007599954,1000000,LacIrep1,56
55.4694979345594,1500000,LacIrep1,56
55.4833293871276,2000000,LacIrep1,56
55.4901759728988,3000000,LacIrep1,56
55.4923715117478,5000000,LacIrep1,56
55.4926915136019,10000000,LacIrep1,56
55.4927599951,40000000,LacIrep1,56
55.4929517869372,200000000,LacIrep1,56
0.520794368049137,1,LacIrep1,57
27.289530925495,100000,LacIrep1,57
59.307659939152,300000,LacIrep1,57
61.681578029299,700000,LacIrep1,57
61.8172357530111,1000000,LacIrep1,57
61.8669073134851,1500000,LacIrep1,57
61.8789269394249,2000000,LacIrep1,57
61.8851415526045,3000000,LacIrep1,57
61.8871419347389,5000000,LacIrep1,57
61.887632345534,10000000,LacIrep1,57
61.8877013069749,40000000,LacIrep1,57
61.8877023945831,200000000,LacIrep1,57
0.520585473631531,1,LacIrep1,58
29.2624889056831,100000,LacIrep1,58
53.9457155568559,300000,LacIrep1,58
55.8640049421838,700000,LacIrep1,58
55.9916868670914,1000000,LacIrep1,58
56.0421492671664,1500000,LacIrep1,58
56.0556228643084,2000000,LacIrep1,58
56.0629155204568,3000000,LacIrep1,58
56.0655505719978,5000000,LacIrep1,58
56.0662639440942,10000000,LacIrep1,58
56.0661926375472,40000000,LacIrep1,58
56.0661951414998,200000000,LacIrep1,58
0.520790301033992,1,LacIrep1,59
21.9241785943747,100000,LacIrep1,59
55.6597767156196,300000,LacIrep1,59
60.8782559590018,700000,LacIrep1,59
61.3313356870937,1000000,LacIrep1,59
61.5320088977824,1500000,LacIrep1,59
61.5904331198146,2000000,LacIrep1,59
61.625637350564,3000000,LacIrep1,59
61.6400453187411,5000000,LacIrep1,59
61.6445584156376,10000000,LacIrep1,59
61.6455268366983,40000000,LacIrep1,59
61.6455560968299,200000000,LacIrep1,59
0.520735302113348,1,LacIrep1,60
18.5336512650564,100000,LacIrep1,60
49.4363051444189,300000,LacIrep1,60
54.3914635729902,700000,LacIrep1,60
54.8171870192968,1000000,LacIrep1,60
55.0315628617187,1500000,LacIrep1,60
55.0865363449685,2000000,LacIrep1,60
55.0966468831556,3000000,LacIrep1,60
55.1101353566845,5000000,LacIrep1,60
55.1143854892315,10000000,LacIrep1,60
55.1152579438903,40000000,LacIrep1,60
55.1152849899731,200000000,LacIrep1,60
0.520834242932372,1,LacIrep1,61
24.0495966853547,100000,LacIrep1,61
55.9018386107164,300000,LacIrep1,61
60.0989618198536,700000,LacIrep1,61
60.4411582335845,1000000,LacIrep1,61
60.6189579613951,1500000,LacIrep1,61
60.6616798722603,2000000,LacIrep1,61
60.6870004308185,3000000,LacIrep1,61
60.6971883680884,5000000,LacIrep1,61
60.7002976684232,10000000,LacIrep1,61
60.7008411675796,40000000,LacIrep1,61
60.7009316217511,200000000,LacIrep1,61
0.520809249483587,1,LacIrep1,62
24.0733202576877,100000,LacIrep1,62
59.314507116361,300000,LacIrep1,62
62.4819937622115,700000,LacIrep1,62
62.671992418671,1000000,LacIrep1,62
62.7430192149174,1500000,LacIrep1,62
62.7605602709461,2000000,LacIrep1,62
62.7697664898546,3000000,LacIrep1,62
62.7728584518554,5000000,LacIrep1,62
62.7736253469414,10000000,LacIrep1,62
62.7736993386655,40000000,LacIrep1,62
62.7737396256658,200000000,LacIrep1,62
0.520710933163185,1,LacIrep1,63
23.7624963196061,100000,LacIrep1,63
56.7904239708603,300000,LacIrep1,63
60.1430501501105,700000,LacIrep1,63
60.3654248211886,1000000,LacIrep1,63
60.4531612893432,1500000,LacIrep1,63
60.4759543287887,2000000,LacIrep1,63
60.4883632982712,3000000,LacIrep1,63
60.4928012466426,5000000,LacIrep1,63
60.4939753840658,10000000,LacIrep1,63
60.4941668723928,40000000,LacIrep1,63
60.494170774255,200000000,LacIrep1,63
0.52085282582215,1,LacIrep1,64
21.0316280037681,100000,LacIrep1,64
57.5191672060819,300000,LacIrep1,64
61.3449805632385,700000,LacIrep1,64
61.5837521093598,1000000,LacIrep1,64
61.7051667407761,1500000,LacIrep1,64
61.7281736542757,2000000,LacIrep1,64
61.7403252362555,3000000,LacIrep1,64
61.7444923308189,5000000,LacIrep1,64
61.7454753541637,10000000,LacIrep1,64
61.7457069781273,40000000,LacIrep1,64
61.7456374307964,200000000,LacIrep1,64
0.520624356474608,1,LacIrep1,65
24.3240219509149,100000,LacIrep1,65
54.7281918942644,300000,LacIrep1,65
58.2515724134613,700000,LacIrep1,65
58.5210480362102,1000000,LacIrep1,65
58.6350912462511,1500000,LacIrep1,65
58.6667540316223,2000000,LacIrep1,65
58.6852332268988,3000000,LacIrep1,65
58.6921227142604,5000000,LacIrep1,65
58.6942079749601,10000000,LacIrep1,65
58.6945975663505,40000000,LacIrep1,65
58.6947884309873,200000000,LacIrep1,65
0.520654482439183,1,LacIrep1,66
24.0497316655504,100000,LacIrep1,66
52.6803983605413,300000,LacIrep1,66
56.3934120127374,700000,LacIrep1,66
56.7043559930314,1000000,LacIrep1,66
56.8418698712464,1500000,LacIrep1,66
56.8817948775764,2000000,LacIrep1,66
56.9058097979495,3000000,LacIrep1,66
56.915597085418,5000000,LacIrep1,66
56.9186839462622,10000000,LacIrep1,66
56.9193183919011,40000000,LacIrep1,66
56.9193380986445,200000000,LacIrep1,66
0.520720538442376,1,LacIrep1,67
34.7799562277803,100000,LacIrep1,67
62.231262384401,300000,LacIrep1,67
64.855675778477,700000,LacIrep1,67
65.0605741374193,1000000,LacIrep1,67
65.149032791205,1500000,LacIrep1,67
65.1741165734781,2000000,LacIrep1,67
65.1888984703866,3000000,LacIrep1,67
65.1947639170106,5000000,LacIrep1,67
65.1965525175481,10000000,LacIrep1,67
65.1969030022033,40000000,LacIrep1,67
65.1969130133635,200000000,LacIrep1,67
0.520782783144911,1,LacIrep1,68
21.7844826704767,100000,LacIrep1,68
60.3191865879921,300000,LacIrep1,68
64.609681985728,700000,LacIrep1,68
64.8873078049302,1000000,LacIrep1,68
64.9949154483693,1500000,LacIrep1,68
65.0224035390638,2000000,LacIrep1,68
65.0371448832809,3000000,LacIrep1,68
65.0423121563756,5000000,LacIrep1,68
65.0436468312897,10000000,LacIrep1,68
65.0438640636757,40000000,LacIrep1,68
65.0438680873169,200000000,LacIrep1,68
0.520676881112625,1,LacIrep1,69
22.0380250870994,100000,LacIrep1,69
56.2428988570962,300000,LacIrep1,69
61.4826676235621,700000,LacIrep1,69
61.9329497106656,1000000,LacIrep1,69
62.133006234299,1500000,LacIrep1,69
62.1911696818737,2000000,LacIrep1,69
62.2259651653303,3000000,LacIrep1,69
62.2402128281496,5000000,LacIrep1,69
62.2448779600151,10000000,LacIrep1,69
62.2457995514809,40000000,LacIrep1,69
62.2456530895933,200000000,LacIrep1,69
0.520861400967483,1,LacIrep1,70
20.660549531886,100000,LacIrep1,70
58.358811013782,300000,LacIrep1,70
61.8942729583727,700000,LacIrep1,70
62.0950773934125,1000000,LacIrep1,70
62.1980349725881,1500000,LacIrep1,70
62.2156140343678,2000000,LacIrep1,70
62.2245297599714,3000000,LacIrep1,70
62.227353718409,5000000,LacIrep1,70
62.2281124782256,10000000,LacIrep1,70
62.2281332498828,40000000,LacIrep1,70
62.2282079362792,200000000,LacIrep1,70
0.520662369317271,1,LacIrep1,71
30.4329856252292,100000,LacIrep1,71
59.3888139954919,300000,LacIrep1,71
61.1241312841707,700000,LacIrep1,71
61.2174715596383,1000000,LacIrep1,71
61.2508202852165,1500000,LacIrep1,71
61.2587127892656,2000000,LacIrep1,71
61.2626699102139,3000000,LacIrep1,71
61.2639368322082,5000000,LacIrep1,71
61.2642310676659,10000000,LacIrep1,71
61.2642704156835,40000000,LacIrep1,71
61.2644626989975,200000000,LacIrep1,71
0.520727178475055,1,LacIrep1,72
24.9142301591869,100000,LacIrep1,72
51.8173342105849,300000,LacIrep1,72
54.3650025959101,700000,LacIrep1,72
54.5452264826888,1000000,LacIrep1,72
54.6451784192748,1500000,LacIrep1,72
54.6651409324285,2000000,LacIrep1,72
54.6763191709172,3000000,LacIrep1,72
54.6804835563437,5000000,LacIrep1,72
54.6816555161979,10000000,LacIrep1,72
54.6818605359182,40000000,LacIrep1,72
54.6817931531533,200000000,LacIrep1,72
0.520641923294516,1,LacIrep1,73
23.0057555766799,100000,LacIrep1,73
56.8073554302905,300000,LacIrep1,73
59.6356726914708,700000,LacIrep1,73
59.7982032426275,1000000,LacIrep1,73
59.8576695438358,1500000,LacIrep1,73
59.872060879149,2000000,LacIrep1,73
59.8794180432947,3000000,LacIrep1,73
59.8818347298596,5000000,LacIrep1,73
59.8822274448424,10000000,LacIrep1,73
59.8824955138703,40000000,LacIrep1,73
59.8824967793311,200000000,LacIrep1,73
0.520698449054229,1,LacIrep1,74
33.174432596199,100000,LacIrep1,74
61.4188034339048,300000,LacIrep1,74
63.4948756313024,700000,LacIrep1,74
63.6276877826566,1000000,LacIrep1,74
63.6794708588429,1500000,LacIrep1,74
63.6928033362216,2000000,LacIrep1,74
63.7000085710989,3000000,LacIrep1,74
63.7025572724208,5000000,LacIrep1,74
63.7032289405578,10000000,LacIrep1,74
63.7033360898471,40000000,LacIrep1,74
63.7033382113915,200000000,LacIrep1,74
0.520586400967326,1,LacIrep1,75
17.9964760406703,100000,LacIrep1,75
52.1979863727414,300000,LacIrep1,75
55.7977652667817,700000,LacIrep1,75
56.0141093304813,1000000,LacIrep1,75
56.0944096999331,1500000,LacIrep1,75
56.1143417588206,2000000,LacIrep1,75
56.1245485934593,3000000,LacIrep1,75
56.1277655773667,5000000,LacIrep1,75
56.1287835017607,10000000,LacIrep1,75
56.1287169206945,40000000,LacIrep1,75
56.1287188756047,200000000,LacIrep1,75
0.52088282139311,1,LacIrep1,76
30.8174230999445,100000,LacIrep1,76
60.6184167740356,300000,LacIrep1,76
63.1316692664161,700000,LacIrep1,76
63.3014535968916,1000000,LacIrep1,76
63.3999235685988,1500000,LacIrep1,76
63.4178288165752,2000000,LacIrep1,76
63.4278205225363,3000000,LacIrep1,76
63.4314238520985,5000000,LacIrep1,76
63.4324060168423,10000000,LacIrep1,76
63.4325702424595,40000000,LacIrep1,76
63.4325737796675,200000000,LacIrep1,76
0.520696931354226,1,LacIrep1,77
21.9099882583593,100000,LacIrep1,77
51.4878921066681,300000,LacIrep1,77
55.5232243631449,700000,LacIrep1,77
55.8579102514773,1000000,LacIrep1,77
56.0041524498977,1500000,LacIrep1,77
56.0462099960796,2000000,LacIrep1,77
56.0713207792274,3000000,LacIrep1,77
56.0813940833447,5000000,LacIrep1,77
56.0845347188264,10000000,LacIrep1,77
56.0851669557098,40000000,LacIrep1,77
56.0851858888962,200000000,LacIrep1,77
0.520809033775895,1,LacIrep1,78
27.8640593570347,100000,LacIrep1,78
56.4803412097307,300000,LacIrep1,78
58.9829615353311,700000,LacIrep1,78
59.1533708380107,1000000,LacIrep1,78
59.2507054354224,1500000,LacIrep1,78
59.2689092018929,2000000,LacIrep1,78
59.2789874579225,3000000,LacIrep1,78
59.2826677855778,5000000,LacIrep1,78
59.2836775461696,10000000,LacIrep1,78
59.2838479807273,40000000,LacIrep1,78
59.283851714712,200000000,LacIrep1,78
0.520772154310657,1,LacIrep1,79
22.8657394176756,100000,LacIrep1,79
53.3411464510826,300000,LacIrep1,79
56.7732776631511,700000,LacIrep1,79
57.0251323408976,1000000,LacIrep1,79
57.1571224281467,1500000,LacIrep1,79
57.1857154859776,2000000,LacIrep1,79
57.1550077689214,3000000,LacIrep1,79
57.1610036790794,5000000,LacIrep1,79
57.1859940774691,10000000,LacIrep1,79
57.1863109080574,40000000,LacIrep1,79
57.1863186588218,200000000,LacIrep1,79
0.520781618749842,1,LacIrep1,80
23.1817247015687,100000,LacIrep1,80
54.9961554529589,300000,LacIrep1,80
57.4985717030375,700000,LacIrep1,80
57.6408529833822,1000000,LacIrep1,80
57.7207055234398,1500000,LacIrep1,80
57.7332942895443,2000000,LacIrep1,80
57.7396402219038,3000000,LacIrep1,80
57.7418149226378,5000000,LacIrep1,80
57.7422433845367,10000000,LacIrep1,80
57.7423864381073,40000000,LacIrep1,80
57.7423875148635,200000000,LacIrep1,80
0.520904084332231,1,LacIrep1,81
28.1245622901135,100000,LacIrep1,81
61.9754306113015,300000,LacIrep1,81
64.3896247489106,700000,LacIrep1,81
64.5258727798239,1000000,LacIrep1,81
64.6070497798568,1500000,LacIrep1,81
64.6191553173792,2000000,LacIrep1,81
64.6253379506942,3000000,LacIrep1,81
64.6273666068565,5000000,LacIrep1,81
64.6278526647221,10000000,LacIrep1,81
64.6279205492247,40000000,LacIrep1,81
64.6278478452092,200000000,LacIrep1,81
0.520715488618671,1,LacIrep1,82
28.6916260517261,100000,LacIrep1,82
52.1981999986799,300000,LacIrep1,82
53.840278456506,700000,LacIrep1,82
53.941318530566,1000000,LacIrep1,82
53.9801965709693,1500000,LacIrep1,82
54.0163052964204,2000000,LacIrep1,82
54.0217194029831,3000000,LacIrep1,82
54.0235799966607,5000000,LacIrep1,82
54.0239848297734,10000000,LacIrep1,82
54.0240596060809,40000000,LacIrep1,82
54.0240610187523,200000000,LacIrep1,82
0.520737118560278,1,LacIrep1,83
34.3723856286456,100000,LacIrep1,83
59.7126443029291,300000,LacIrep1,83
61.8882815437333,700000,LacIrep1,83
62.0495454536418,1000000,LacIrep1,83
62.117418868502,1500000,LacIrep1,83
62.1361776492314,2000000,LacIrep1,83
62.1469937978212,3000000,LacIrep1,83
62.1511471163259,5000000,LacIrep1,83
62.1523744648593,10000000,LacIrep1,83
62.1525936510924,40000000,LacIrep1,83
62.1526065862002,200000000,LacIrep1,83
0.520615425060281,1,LacIrep1,84
29.7729653241337,100000,LacIrep1,84
55.3873036100416,300000,LacIrep1,84
57.7952850403932,700000,LacIrep1,84
57.9762054228267,1000000,LacIrep1,84
58.0522255902133,1500000,LacIrep1,84
58.0731219581707,2000000,LacIrep1,84
58.0854635354273,3000000,LacIrep1,84
58.0899858168327,5000000,LacIrep1,84
58.0915418858535,10000000,LacIrep1,84
58.0916262637924,40000000,LacIrep1,84
58.0918063036097,200000000,LacIrep1,84
0.520772591951793,1,LacIrep1,85
27.9015917950769,100000,LacIrep1,85
57.7299752142101,300000,LacIrep1,85
60.3214365894441,700000,LacIrep1,85
60.492253633399,1000000,LacIrep1,85
60.5594099704589,1500000,LacIrep1,85
60.5768696498769,2000000,LacIrep1,85
60.5863837029616,3000000,LacIrep1,85
60.5897852292453,5000000,LacIrep1,85
60.5906936232873,10000000,LacIrep1,85
60.5908412126735,40000000,LacIrep1,85
60.5908442322384,200000000,LacIrep1,85
0.520664388611622,1,LacIrep1,86
21.721256709096,100000,LacIrep1,86
53.4831995731112,300000,LacIrep1,86
57.1285259901083,700000,LacIrep1,86
57.3884488336167,1000000,LacIrep1,86
57.4944432626444,1500000,LacIrep1,86
57.5228911109322,2000000,LacIrep1,86
57.538844716766,3000000,LacIrep1,86
57.5447570707153,5000000,LacIrep1,86
57.5464154159563,10000000,LacIrep1,86
57.5467036710883,40000000,LacIrep1,86
57.546710326879,200000000,LacIrep1,86
0.52076413636915,1,LacIrep1,87
20.2425851668013,100000,LacIrep1,87
59.1119741134717,300000,LacIrep1,87
63.4480582214327,700000,LacIrep1,87
63.7169825048523,1000000,LacIrep1,87
63.8187475347793,1500000,LacIrep1,87
63.8441243680486,2000000,LacIrep1,87
63.8574410479217,3000000,LacIrep1,87
63.861968677989,5000000,LacIrep1,87
63.8631101702329,10000000,LacIrep1,87
63.8632787147489,40000000,LacIrep1,87
63.8632816512176,200000000,LacIrep1,87
0.520888750967913,1,LacIrep1,88
17.9553577071729,100000,LacIrep1,88
57.0661343190226,300000,LacIrep1,88
63.0260978780354,700000,LacIrep1,88
63.4661446343627,1000000,LacIrep1,88
63.6762083132087,1500000,LacIrep1,88
63.7247378342514,2000000,LacIrep1,88
63.7253300746822,3000000,LacIrep1,88
63.7354514011711,5000000,LacIrep1,88
63.7382868534797,10000000,LacIrep1,88
63.7387797311738,40000000,LacIrep1,88
63.7387759600603,200000000,LacIrep1,88
0.520645450126651,1,LacIrep1,89
26.113560582488,100000,LacIrep1,89
56.4140541623696,300000,LacIrep1,89
59.7154242871932,700000,LacIrep1,89
59.9633205556557,1000000,LacIrep1,89
60.0673136245788,1500000,LacIrep1,89
60.0959717482635,2000000,LacIrep1,89
60.1124228023116,3000000,LacIrep1,89
60.1187252557416,5000000,LacIrep1,89
60.1205627161735,10000000,LacIrep1,89
60.1209005243438,40000000,LacIrep1,89
60.1209091412127,200000000,LacIrep1,89
0.520610959596966,1,LacIrep1,90
18.7832173845092,100000,LacIrep1,90
49.7583591737972,300000,LacIrep1,90
53.6952136559668,700000,LacIrep1,90
53.9846954496126,1000000,LacIrep1,90
54.1038868779995,1500000,LacIrep1,90
54.1361773444896,2000000,LacIrep1,90
54.1544284778652,3000000,LacIrep1,90
54.1612787149184,5000000,LacIrep1,90
54.1632249761129,10000000,LacIrep1,90
54.1635700923916,40000000,LacIrep1,90
54.1635783507076,200000000,LacIrep1,90
0.520642917103351,1,LacIrep1,91
21.549658779968,100000,LacIrep1,91
56.6324326857749,300000,LacIrep1,91
59.6874712139949,700000,LacIrep1,91
59.8605989067539,1000000,LacIrep1,91
59.923483854559,1500000,LacIrep1,91
59.9385792613182,2000000,LacIrep1,91
59.9462407425992,3000000,LacIrep1,91
59.9487333734814,5000000,LacIrep1,91
59.9493240975883,10000000,LacIrep1,91
59.9494053378113,40000000,LacIrep1,91
59.9494065689885,200000000,LacIrep1,91
0.520693860045556,1,LacIrep1,92
28.5158270009848,100000,LacIrep1,92
59.9767582776672,300000,LacIrep1,92
63.0419570014427,700000,LacIrep1,92
63.2600702018059,1000000,LacIrep1,92
63.349056544292,1500000,LacIrep1,92
63.3730759211526,2000000,LacIrep1,92
63.3867681718049,3000000,LacIrep1,92
63.3916242944184,5000000,LacIrep1,92
63.3930442378594,10000000,LacIrep1,92
63.3934743785863,40000000,LacIrep1,92
63.3932989616426,200000000,LacIrep1,92
0.520768280318215,1,LacIrep1,93
24.2287586037215,100000,LacIrep1,93
56.6519222033411,300000,LacIrep1,93
59.9732240508835,700000,LacIrep1,93
60.2002085989053,1000000,LacIrep1,93
60.290680099062,1500000,LacIrep1,93
60.3145129763796,2000000,LacIrep1,93
60.3276534845866,3000000,LacIrep1,93
60.3323883056182,5000000,LacIrep1,93
60.3336887244604,10000000,LacIrep1,93
60.3339436953929,40000000,LacIrep1,93
60.3339107819667,200000000,LacIrep1,93
0.52075520676743,1,LacIrep1,94
27.7846580956868,100000,LacIrep1,94
53.4868666517329,300000,LacIrep1,94
55.9314831523403,700000,LacIrep1,94
56.1135776880303,1000000,LacIrep1,94
56.217422803275,1500000,LacIrep1,94
56.2387744682949,2000000,LacIrep1,94
56.2510142436273,3000000,LacIrep1,94
56.2558365668431,5000000,LacIrep1,94
56.2571577534744,10000000,LacIrep1,94
56.2574173739351,40000000,LacIrep1,94
56.2574241366785,200000000,LacIrep1,94
0.520663154551129,1,LacIrep1,95
17.6256620584093,100000,LacIrep1,95
52.4330889729429,300000,LacIrep1,95
56.9758075509492,700000,LacIrep1,95
57.2871482153669,1000000,LacIrep1,95
57.4105718052695,1500000,LacIrep1,95
57.4427952603957,2000000,LacIrep1,95
57.4604029602762,3000000,LacIrep1,95
57.4667224287623,5000000,LacIrep1,95
57.4684184603865,10000000,LacIrep1,95
57.468696003287,40000000,LacIrep1,95
57.4686946184719,200000000,LacIrep1,95
0.520561088872027,1,LacIrep1,96
24.1700807078671,100000,LacIrep1,96
51.1227680682216,300000,LacIrep1,96
54.049569275284,700000,LacIrep1,96
54.2729591711049,1000000,LacIrep1,96
54.3676815699618,1500000,LacIrep1,96
54.3940814385758,2000000,LacIrep1,96
54.4095713715308,3000000,LacIrep1,96
54.4155097801806,5000000,LacIrep1,96
54.4172705382487,10000000,LacIrep1,96
54.4176021291042,40000000,LacIrep1,96
54.417424960747,200000000,LacIrep1,96
0.520787676338917,1,LacIrep1,97
22.1945408544843,100000,LacIrep1,97
53.830252029728,300000,LacIrep1,97
57.5981643520476,700000,LacIrep1,97
57.8787046002526,1000000,LacIrep1,97
58.0231980249367,1500000,LacIrep1,97
58.055330779993,2000000,LacIrep1,97
58.0736738042592,3000000,LacIrep1,97
58.0806483298999,5000000,LacIrep1,97
58.0826624416724,10000000,LacIrep1,97
58.0830278313683,40000000,LacIrep1,97
58.0829645578219,200000000,LacIrep1,97
0.520707263518009,1,LacIrep1,98
21.5924368092773,100000,LacIrep1,98
53.0862494103095,300000,LacIrep1,98
56.3546668857456,700000,LacIrep1,98
56.5736342774197,1000000,LacIrep1,98
56.6599700193239,1500000,LacIrep1,98
56.682473463145,2000000,LacIrep1,98
56.6947648964636,3000000,LacIrep1,98
56.699174110445,5000000,LacIrep1,98
56.700391685763,10000000,LacIrep1,98
56.700585159083,40000000,LacIrep1,98
56.7005891673157,200000000,LacIrep1,98
0.520763894639719,1,LacIrep1,99
21.0913344619698,100000,LacIrep1,99
52.958774054784,300000,LacIrep1,99
56.3539623393537,700000,LacIrep1,99
56.5835433369441,1000000,LacIrep1,99
56.702280496194,1500000,LacIrep1,99
56.7262572028253,2000000,LacIrep1,99
56.7394535163308,3000000,LacIrep1,99
56.6975590949644,5000000,LacIrep1,99
56.7218685244522,10000000,LacIrep1,99
56.6991855922062,40000000,LacIrep1,99
56.6991899756607,200000000,LacIrep1,99
0.520808403522023,1,LacIrep1,100
21.9052007459305,100000,LacIrep1,100
55.178842440326,300000,LacIrep1,100
58.8241018594966,700000,LacIrep1,100
59.0730762966329,1000000,LacIrep1,100
59.2008994232278,1500000,LacIrep1,100
59.227125993802,2000000,LacIrep1,100
59.2415476534165,3000000,LacIrep1,100
59.2467653984562,5000000,LacIrep1,100
59.2482537303836,10000000,LacIrep1,100
59.2484884963798,40000000,LacIrep1,100
59.2484197488831,200000000,LacIrep1,100
0.520729065347473,1,LacIrep1,101
19.05873823816,100000,LacIrep1,101
51.5904650702226,300000,LacIrep1,101
54.5088922392285,700000,LacIrep1,101
54.6749244242948,1000000,LacIrep1,101
54.7626908724993,1500000,LacIrep1,101
54.7774072852495,2000000,LacIrep1,101
54.7849065244482,3000000,LacIrep1,101
54.7873594303249,5000000,LacIrep1,101
54.7879447252462,10000000,LacIrep1,101
54.7880259972172,40000000,LacIrep1,101
54.7880272505462,200000000,LacIrep1,101
0.520722409555927,1,LacIrep1,102
14.3647058390597,100000,LacIrep1,102
49.2835231556497,300000,LacIrep1,102
53.9302622194341,700000,LacIrep1,102
54.2252016948037,1000000,LacIrep1,102
54.3639524611556,1500000,LacIrep1,102
54.3922146530031,2000000,LacIrep1,102
54.4071070036967,3000000,LacIrep1,102
54.3675424148055,5000000,LacIrep1,102
54.3907624203615,10000000,LacIrep1,102
54.3909555630366,40000000,LacIrep1,102
54.3909589919347,200000000,LacIrep1,102
0.520755101233896,1,LacIrep1,103
34.2744754709614,100000,LacIrep1,103
61.5559767533118,300000,LacIrep1,103
63.1560404791485,700000,LacIrep1,103
63.2453439003118,1000000,LacIrep1,103
63.2778736401521,1500000,LacIrep1,103
63.2857408687161,2000000,LacIrep1,103
63.28974789751,3000000,LacIrep1,103
63.2910648122026,5000000,LacIrep1,103
63.29138729233,10000000,LacIrep1,103
63.2914242739427,40000000,LacIrep1,103
63.2914249591752,200000000,LacIrep1,103
0.520669575963862,1,LacIrep1,104
22.3320407108159,100000,LacIrep1,104
51.8001215010319,300000,LacIrep1,104
54.2359833135939,700000,LacIrep1,104
54.3799387526407,1000000,LacIrep1,104
54.4334682208007,1500000,LacIrep1,104
54.4466709014258,2000000,LacIrep1,104
54.4535658514782,3000000,LacIrep1,104
54.4558353447088,5000000,LacIrep1,104
54.4564034367394,10000000,LacIrep1,104
54.4564860270275,40000000,LacIrep1,104
54.4565213259483,200000000,LacIrep1,104
0.520771672003515,1,LacIrep1,105
27.5093778447636,100000,LacIrep1,105
54.573216189122,300000,LacIrep1,105
56.9013914514115,700000,LacIrep1,105
57.0605093542084,1000000,LacIrep1,105
57.1522419809244,1500000,LacIrep1,105
57.1693177066305,2000000,LacIrep1,105
57.178867194479,3000000,LacIrep1,105
57.1822632491481,5000000,LacIrep1,105
57.1832190900729,10000000,LacIrep1,105
57.1834555536746,40000000,LacIrep1,105
57.1833848857173,200000000,LacIrep1,105
0.520812151819925,1,LacIrep1,106
21.8663385135808,100000,LacIrep1,106
57.4356756762134,300000,LacIrep1,106
62.3231864901413,700000,LacIrep1,106
62.7031721613777,1000000,LacIrep1,106
62.8632002946324,1500000,LacIrep1,106
62.907630543696,2000000,LacIrep1,106
62.9332576910562,3000000,LacIrep1,106
62.9431141478964,5000000,LacIrep1,106
62.9460243747613,10000000,LacIrep1,106
62.9465665136588,40000000,LacIrep1,106
62.9466136273904,200000000,LacIrep1,106
0.520746491875568,1,LacIrep1,107
22.351232642181,100000,LacIrep1,107
53.9850337182179,300000,LacIrep1,107
58.4156191325879,700000,LacIrep1,107
58.7854710749007,1000000,LacIrep1,107
58.946961564376,1500000,LacIrep1,107
58.9933864496001,2000000,LacIrep1,107
59.0210150951984,3000000,LacIrep1,107
59.0321274301788,5000000,LacIrep1,107
59.0355396038911,10000000,LacIrep1,107
59.036264933374,40000000,LacIrep1,107
59.0362855165339,200000000,LacIrep1,107
0.520772576345811,1,LacIrep1,108
32.8035276315147,100000,LacIrep1,108
61.5178934120063,300000,LacIrep1,108
64.0910551375566,700000,LacIrep1,108
64.2791149312858,1000000,LacIrep1,108
64.3575181099534,1500000,LacIrep1,108
64.3790077336887,2000000,LacIrep1,108
64.3913044352513,3000000,LacIrep1,108
64.3959886376858,5000000,LacIrep1,108
64.3973458549472,10000000,LacIrep1,108
64.3975932605844,40000000,LacIrep1,108
64.3975994779942,200000000,LacIrep1,108
0.520765188256411,1,LacIrep1,109
18.7636603597199,100000,LacIrep1,109
54.7362149717041,300000,LacIrep1,109
59.5907925754462,700000,LacIrep1,109
59.9400480206374,1000000,LacIrep1,109
60.0810555521069,1500000,LacIrep1,109
60.1186120012728,2000000,LacIrep1,109
60.1395147856043,3000000,LacIrep1,109
60.1472005462922,5000000,LacIrep1,109
60.1493277009042,10000000,LacIrep1,109
60.1496911920979,40000000,LacIrep1,109
60.1496601909357,200000000,LacIrep1,109
0.520799311471625,1,LacIrep1,110
28.5438034713015,100000,LacIrep1,110
56.0892135593452,300000,LacIrep1,110
58.45113539389,700000,LacIrep1,110
58.6126012787785,1000000,LacIrep1,110
58.7058201882982,1500000,LacIrep1,110
58.7231887788571,2000000,LacIrep1,110
58.7327758751384,3000000,LacIrep1,110
58.7362091600452,5000000,LacIrep1,110
58.7371730617456,10000000,LacIrep1,110
58.7374093569953,40000000,LacIrep1,110
58.7373397439164,200000000,LacIrep1,110
0.520619416730765,1,LacIrep1,111
18.4865502883709,100000,LacIrep1,111
54.5684673881621,300000,LacIrep1,111
58.0647512606629,700000,LacIrep1,111
58.2614487206558,1000000,LacIrep1,111
58.3323462411649,1500000,LacIrep1,111
58.3492163935027,2000000,LacIrep1,111
58.3577104136546,3000000,LacIrep1,111
58.3604443083898,5000000,LacIrep1,111
58.3610833604668,10000000,LacIrep1,111
58.3611695747034,40000000,LacIrep1,111
58.3611708362548,200000000,LacIrep1,111
0.520722438030991,1,LacIrep1,112
22.8741199566112,100000,LacIrep1,112
52.0918292540674,300000,LacIrep1,112
54.2103649585832,700000,LacIrep1,112
54.3286055621869,1000000,LacIrep1,112
54.3979022540073,1500000,LacIrep1,112
54.4082799648028,2000000,LacIrep1,112
54.4135518938454,3000000,LacIrep1,112
54.4151956791029,5000000,LacIrep1,112
54.4156035442005,10000000,LacIrep1,112
54.4157335943539,40000000,LacIrep1,112
54.415734451519,200000000,LacIrep1,112
0.52079800065173,1,LacIrep1,113
24.2646058545045,100000,LacIrep1,113
58.3749504762695,300000,LacIrep1,113
61.757490754591,700000,LacIrep1,113
61.9783448182336,1000000,LacIrep1,113
62.0643182421491,1500000,LacIrep1,113
62.0864480243777,2000000,LacIrep1,113
62.0983979479269,3000000,LacIrep1,113
62.102619028975,5000000,LacIrep1,113
62.1037633581204,10000000,LacIrep1,113
62.1039398969216,40000000,LacIrep1,113
62.1039433728982,200000000,LacIrep1,113
0.520798745389124,1,LacIrep1,114
28.8924306141921,100000,LacIrep1,114
59.3681768771156,300000,LacIrep1,114
61.8919403580172,700000,LacIrep1,114
62.0551864976205,1000000,LacIrep1,114
62.118745004333,1500000,LacIrep1,114
62.1351821284506,2000000,LacIrep1,114
62.1440213798983,3000000,LacIrep1,114
62.1471659891075,5000000,LacIrep1,114
62.1479963838151,10000000,LacIrep1,114
62.1481292189745,40000000,LacIrep1,114
62.1481677147292,200000000,LacIrep1,114
0.52086484315651,1,LacIrep1,115
24.8527505330598,100000,LacIrep1,115
57.5892686535976,300000,LacIrep1,115
61.8208061737794,700000,LacIrep1,115
62.1628083860691,1000000,LacIrep1,115
62.34065496003,1500000,LacIrep1,115
62.3830025728819,2000000,LacIrep1,115
62.3819194943736,3000000,LacIrep1,115
62.3918848549398,5000000,LacIrep1,115
62.3949161980743,10000000,LacIrep1,115
62.3955151847755,40000000,LacIrep1,115
62.3955323888646,200000000,LacIrep1,115
0.520731405484233,1,LacIrep1,116
29.5725106135211,100000,LacIrep1,116
58.8752565164962,300000,LacIrep1,116
61.4969907322665,700000,LacIrep1,116
61.6796636477734,1000000,LacIrep1,116
61.7540249903906,1500000,LacIrep1,116
61.7739397338309,2000000,LacIrep1,116
61.7850872046314,3000000,LacIrep1,116
61.7892184888,5000000,LacIrep1,116
61.7903664277169,10000000,LacIrep1,116
61.7905666416119,40000000,LacIrep1,116
61.790571241386,200000000,LacIrep1,116
0.520595210403765,1,LacIrep1,117
19.1499697301433,100000,LacIrep1,117
53.3246474851093,300000,LacIrep1,117
56.4563582149598,700000,LacIrep1,117
56.6337070723056,1000000,LacIrep1,117
56.6977849082756,1500000,LacIrep1,117
56.7131824390303,2000000,LacIrep1,117
56.7209832078206,3000000,LacIrep1,117
56.7235152816584,5000000,LacIrep1,117
56.7242963112301,10000000,LacIrep1,117
56.7241956315467,40000000,LacIrep1,117
56.724196865427,200000000,LacIrep1,117
0.520657962371357,1,LacIrep1,118
28.380688301815,100000,LacIrep1,118
51.3772398361449,300000,LacIrep1,118
53.5024373302726,700000,LacIrep1,118
53.6622165526271,1000000,LacIrep1,118
53.7295912178969,1500000,LacIrep1,118
53.7482987189465,2000000,LacIrep1,118
53.7591897236257,3000000,LacIrep1,118
53.7633679959829,5000000,LacIrep1,118
53.7646154403155,10000000,LacIrep1,118
53.764849981898,40000000,LacIrep1,118
53.7648562068946,200000000,LacIrep1,118
0.520782649321532,1,LacIrep1,119
24.5771982301261,100000,LacIrep1,119
53.9259390644832,300000,LacIrep1,119
57.3350396271303,700000,LacIrep1,119
57.6012999436035,1000000,LacIrep1,119
57.7145580644713,1500000,LacIrep1,119
57.7742554203457,2000000,LacIrep1,119
57.7930831041903,3000000,LacIrep1,119
57.8004361136233,5000000,LacIrep1,119
57.8026439562352,10000000,LacIrep1,119
57.8030671453858,40000000,LacIrep1,119
57.8030787673777,200000000,LacIrep1,119
0.520897406914398,1,LacIrep1,120
23.46050078584,100000,LacIrep1,120
59.3452629035508,300000,LacIrep1,120
63.7041768924073,700000,LacIrep1,120
64.0233084265037,1000000,LacIrep1,120
64.1858438574375,1500000,LacIrep1,120
64.2216855721897,2000000,LacIrep1,120
64.2151235178562,3000000,LacIrep1,120
64.2227471248293,5000000,LacIrep1,120
64.2249138091912,10000000,LacIrep1,120
64.2252981085217,40000000,LacIrep1,120
64.2253073057356,200000000,LacIrep1,120
0.520741435918598,1,LacIrep1,121
19.5840906753364,100000,LacIrep1,121
57.4572553775196,300000,LacIrep1,121
61.9633813461641,700000,LacIrep1,121
62.2590676026549,1000000,LacIrep1,121
62.3739773216558,1500000,LacIrep1,121
62.4033963399119,2000000,LacIrep1,121
62.4192193123664,3000000,LacIrep1,121
62.4247720464596,5000000,LacIrep1,121
62.4262214972704,10000000,LacIrep1,121
62.4264425066318,40000000,LacIrep1,121
62.4264469197653,200000000,LacIrep1,121
0.520657680257655,1,LacIrep1,122
25.6751031956417,100000,LacIrep1,122
54.1437508882361,300000,LacIrep1,122
56.8272515979328,700000,LacIrep1,122
57.0115959991312,1000000,LacIrep1,122
57.0860750779589,1500000,LacIrep1,122
57.10588155699,2000000,LacIrep1,122
57.1168961352859,3000000,LacIrep1,122
57.1209424650342,5000000,LacIrep1,122
57.1220611227262,10000000,LacIrep1,122
57.1222519725417,40000000,LacIrep1,122
57.1222562347304,200000000,LacIrep1,122
0.520692552228367,1,LacIrep1,123
26.1613770334987,100000,LacIrep1,123
53.073110721707,300000,LacIrep1,123
55.5493086106502,700000,LacIrep1,123
55.7213269543063,1000000,LacIrep1,123
55.7907760138012,1500000,LacIrep1,123
55.8093319367013,2000000,LacIrep1,123
55.8196902223516,3000000,LacIrep1,123
55.8235145319221,5000000,LacIrep1,123
55.8245784857452,10000000,LacIrep1,123
55.824761603653,40000000,LacIrep1,123
55.824765757201,200000000,LacIrep1,123
0.520688316436499,1,LacIrep1,124
26.3453636883637,100000,LacIrep1,124
52.6700633821018,300000,LacIrep1,124
55.2622198357365,700000,LacIrep1,124
55.4526529409627,1000000,LacIrep1,124
55.531777863117,1500000,LacIrep1,124
55.5535199955132,2000000,LacIrep1,124
55.5658967613261,3000000,LacIrep1,124
55.5706635528856,5000000,LacIrep1,124
55.5720343769625,10000000,LacIrep1,124
55.5722841993581,40000000,LacIrep1,124
55.5722904725868,200000000,LacIrep1,124
0.520725062132368,1,LacIrep1,125
27.6245059269069,100000,LacIrep1,125
52.8154144303201,300000,LacIrep1,125
54.404486525288,700000,LacIrep1,125
54.4921554958956,1000000,LacIrep1,125
54.5241500703106,1500000,LacIrep1,125
54.5318740897204,2000000,LacIrep1,125
54.5358154148727,3000000,LacIrep1,125
54.5371069925185,5000000,LacIrep1,125
54.5374158866852,10000000,LacIrep1,125
54.5378662038558,40000000,LacIrep1,125
54.5374595750264,200000000,LacIrep1,125
0.520800937764085,1,LacIrep1,126
20.1367793839383,100000,LacIrep1,126
54.8085622239557,300000,LacIrep1,126
58.4435579746168,700000,LacIrep1,126
58.6729539267369,1000000,LacIrep1,126
58.7894378477856,1500000,LacIrep1,126
58.8118064166435,2000000,LacIrep1,126
58.8236940703649,3000000,LacIrep1,126
58.827805199976,5000000,LacIrep1,126
58.8288579172552,10000000,LacIrep1,126
58.8290192237667,40000000,LacIrep1,126
58.8290221955421,200000000,LacIrep1,126
0.520653512514234,1,LacIrep1,127
15.4470722758691,100000,LacIrep1,127
49.5323589910302,300000,LacIrep1,127
55.9447419927892,700000,LacIrep1,127
56.4913067120095,1000000,LacIrep1,127
56.7281416286607,1500000,LacIrep1,127
56.795944677048,2000000,LacIrep1,127
56.8360530981973,3000000,LacIrep1,127
56.8520343855838,5000000,LacIrep1,127
56.8569315373347,10000000,LacIrep1,127
56.8579050590273,40000000,LacIrep1,127
56.8579257075164,200000000,LacIrep1,127
0.520703020794748,1,LacIrep1,128
21.325122797733,100000,LacIrep1,128
51.6653207317519,300000,LacIrep1,128
55.8681990664154,700000,LacIrep1,128
56.2144436698853,1000000,LacIrep1,128
56.3649770679205,1500000,LacIrep1,128
56.4080541309754,2000000,LacIrep1,128
56.4336263243537,3000000,LacIrep1,128
56.4438679035167,5000000,LacIrep1,128
56.4470272061795,10000000,LacIrep1,128
56.4476564344435,40000000,LacIrep1,128
56.4477054693166,200000000,LacIrep1,128
0.520685065170283,1,LacIrep1,129
17.9658466654815,100000,LacIrep1,129
49.3216751696005,300000,LacIrep1,129
54.5970336815568,700000,LacIrep1,129
55.0587207682553,1000000,LacIrep1,129
55.2631083442604,1500000,LacIrep1,129
55.3225624395917,2000000,LacIrep1,129
55.3583133631647,3000000,LacIrep1,129
55.3728846001099,5000000,LacIrep1,129
55.3774796488903,10000000,LacIrep1,129
55.3784237916103,40000000,LacIrep1,129
55.3784531017386,200000000,LacIrep1,129
0.520631952887,1,LacIrep1,130
28.2788062096548,100000,LacIrep1,130
57.1073831020453,300000,LacIrep1,130
59.0434066380299,700000,LacIrep1,130
59.1521220080408,1000000,LacIrep1,130
59.1917716876183,1500000,LacIrep1,130
59.2015203532122,2000000,LacIrep1,130
59.2063841549366,3000000,LacIrep1,130
59.2079733342037,5000000,LacIrep1,130
59.2083519063972,10000000,LacIrep1,130
59.2082101836555,40000000,LacIrep1,130
59.2082109880699,200000000,LacIrep1,130
0.520676970203648,1,LacIrep1,131
34.4641626997787,100000,LacIrep1,131
59.976127973994,300000,LacIrep1,131
62.0199397498111,700000,LacIrep1,131
62.1638535881216,1000000,LacIrep1,131
62.2226369252881,1500000,LacIrep1,131
62.2384871490282,2000000,LacIrep1,131
62.2474136731678,3000000,LacIrep1,131
62.2507485843106,5000000,LacIrep1,131
62.2516904359519,10000000,LacIrep1,131
62.2518560039522,40000000,LacIrep1,131
62.2518599053867,200000000,LacIrep1,131
0.520675845045044,1,LacIrep1,132
18.7429793888056,100000,LacIrep1,132
53.2126176795465,300000,LacIrep1,132
57.752911981057,700000,LacIrep1,132
58.076844786133,1000000,LacIrep1,132
58.2081732397344,1500000,LacIrep1,132
58.2432040025958,2000000,LacIrep1,132
58.2627369235359,3000000,LacIrep1,132
58.2699350330265,5000000,LacIrep1,132
58.2719401533303,10000000,LacIrep1,132
58.2722829915454,40000000,LacIrep1,132
58.2722907288705,200000000,LacIrep1,132
0.520631952953347,1,LacIrep1,133
28.6708778760712,100000,LacIrep1,133
53.4580747318183,300000,LacIrep1,133
55.3056706690508,700000,LacIrep1,133
55.4248193734432,1000000,LacIrep1,133
55.4716079051618,1500000,LacIrep1,133
55.4836942762817,2000000,LacIrep1,133
55.4902374924163,3000000,LacIrep1,133
55.4925629904385,5000000,LacIrep1,133
55.493185682832,10000000,LacIrep1,133
55.4932845124617,40000000,LacIrep1,133
55.493286491744,200000000,LacIrep1,133
0.520629269456113,1,LacIrep1,134
25.7037146952621,100000,LacIrep1,134
52.1544292209013,300000,LacIrep1,134
54.9672794683026,700000,LacIrep1,134
55.1826406763439,1000000,LacIrep1,134
55.2743565788875,1500000,LacIrep1,134
55.3000382948889,2000000,LacIrep1,134
55.3150018580149,3000000,LacIrep1,134
55.3208429653857,5000000,LacIrep1,134
55.3225811463881,10000000,LacIrep1,134
55.3229133727137,40000000,LacIrep1,134
55.3229223864993,200000000,LacIrep1,134
0.520707693567562,1,LacIrep1,135
25.5966101098345,100000,LacIrep1,135
59.1425391478598,300000,LacIrep1,135
63.6836571072977,700000,LacIrep1,135
64.0656631826171,1000000,LacIrep1,135
64.2345689460658,1500000,LacIrep1,135
64.2834906732658,2000000,LacIrep1,135
64.3128568957041,3000000,LacIrep1,135
64.3247940362866,5000000,LacIrep1,135
64.3285469933597,10000000,LacIrep1,135
64.3293149765319,40000000,LacIrep1,135
64.3293386498411,200000000,LacIrep1,135
0.520725876477427,1,LacIrep1,136
27.0651010395416,100000,LacIrep1,136
55.3326248168376,300000,LacIrep1,136
57.5916651791079,700000,LacIrep1,136
57.7314187381263,1000000,LacIrep1,136
57.7850308078019,1500000,LacIrep1,136
57.7986492336074,2000000,LacIrep1,136
57.8059194023259,3000000,LacIrep1,136
57.808449245631,5000000,LacIrep1,136
57.8091021556488,10000000,LacIrep1,136
57.8092032949759,40000000,LacIrep1,136
57.8092051941371,200000000,LacIrep1,136
0.520687620973633,1,LacIrep1,137
22.7608039760482,100000,LacIrep1,137
52.1700786167967,300000,LacIrep1,137
55.1971442269363,700000,LacIrep1,137
55.406557319429,1000000,LacIrep1,137
55.4904950504584,1500000,LacIrep1,137
55.5126908759621,2000000,LacIrep1,137
55.5250422310262,3000000,LacIrep1,137
55.5295071023962,5000000,LacIrep1,137
55.5307781733554,10000000,LacIrep1,137
55.5309515031827,40000000,LacIrep1,137
55.5309560828845,200000000,LacIrep1,137
0.520701996408368,1,LacIrep1,138
22.8037039294058,100000,LacIrep1,138
58.4597898787095,300000,LacIrep1,138
63.3129865480388,700000,LacIrep1,138
63.6950935441574,1000000,LacIrep1,138
63.857981326608,1500000,LacIrep1,138
63.9034834362552,2000000,LacIrep1,138
63.9299170245203,3000000,LacIrep1,138
63.9402046495365,5000000,LacIrep1,138
63.9432648368796,10000000,LacIrep1,138
63.9438437474237,40000000,LacIrep1,138
63.9438592836873,200000000,LacIrep1,138
0.520752724135176,1,LacIrep1,139
20.6029875894498,100000,LacIrep1,139
56.9608744934648,300000,LacIrep1,139
62.420758942904,700000,LacIrep1,139
62.8565531984234,1000000,LacIrep1,139
63.0422661016449,1500000,LacIrep1,139
63.0942305598682,2000000,LacIrep1,139
63.1244631171409,3000000,LacIrep1,139
63.1362330203565,5000000,LacIrep1,139
63.1397479502288,10000000,LacIrep1,139
63.1404053856702,40000000,LacIrep1,139
63.1404232714914,200000000,LacIrep1,139
0.520863373866499,1,LacIrep1,140
20.3621691410841,100000,LacIrep1,140
57.7872966856118,300000,LacIrep1,140
61.9038934438835,700000,LacIrep1,140
62.1644546765814,1000000,LacIrep1,140
62.294106043741,1500000,LacIrep1,140
62.3194129125467,2000000,LacIrep1,140
62.3329123058992,3000000,LacIrep1,140
62.3375443760712,5000000,LacIrep1,140
62.3386540013597,10000000,LacIrep1,140
62.3388343593717,40000000,LacIrep1,140
62.338910395246,200000000,LacIrep1,140
0.52081253956414,1,LacIrep1,141
20.4011950567381,100000,LacIrep1,141
55.5755756903235,300000,LacIrep1,141
59.1163666589056,700000,LacIrep1,141
59.3339443144493,1000000,LacIrep1,141
59.4446937456998,1500000,LacIrep1,141
59.4653762475978,2000000,LacIrep1,141
59.4761262010572,3000000,LacIrep1,141
59.4798839523288,5000000,LacIrep1,141
59.4808088116794,10000000,LacIrep1,141
59.4809466279344,40000000,LacIrep1,141
59.4809490424042,200000000,LacIrep1,141
0.520619906506242,1,LacIrep1,142
24.1627904067698,100000,LacIrep1,142
55.0901732635427,300000,LacIrep1,142
58.078845723934,700000,LacIrep1,142
58.2784490694278,1000000,LacIrep1,142
58.3572306635345,1500000,LacIrep1,142
58.37754936721,2000000,LacIrep1,142
58.3889154613746,3000000,LacIrep1,142
58.3929177948419,5000000,LacIrep1,142
58.3938069671442,10000000,LacIrep1,142
58.3941625055612,40000000,LacIrep1,142
58.3939848675169,200000000,LacIrep1,142
0.520890356396659,1,LacIrep1,143
26.4417490177041,100000,LacIrep1,143
60.2733925342289,300000,LacIrep1,143
63.4858843669137,700000,LacIrep1,143
63.6999316103935,1000000,LacIrep1,143
63.8158363747923,1500000,LacIrep1,143
63.8380103916187,2000000,LacIrep1,143
63.8501790842381,3000000,LacIrep1,143
63.8546249255155,5000000,LacIrep1,143
63.8558002633336,10000000,LacIrep1,143
63.8559930429164,40000000,LacIrep1,143
63.8559237352187,200000000,LacIrep1,143
0.520581306408568,1,LacIrep1,144
26.4917932407751,100000,LacIrep1,144
53.0881673283631,300000,LacIrep1,144
55.5124939689459,700000,LacIrep1,144
55.6819744018412,1000000,LacIrep1,144
55.7508435176136,1500000,LacIrep1,144
55.7694545030457,2000000,LacIrep1,144
55.7795716129325,3000000,LacIrep1,144
55.7833838927451,5000000,LacIrep1,144
55.7846301590089,10000000,LacIrep1,144
55.7848139159747,40000000,LacIrep1,144
55.7846355079047,200000000,LacIrep1,144
0.520775447529599,1,LacIrep1,145
30.1476068813993,100000,LacIrep1,145
61.6228189015812,300000,LacIrep1,145
64.3021240321433,700000,LacIrep1,145
64.4777858271317,1000000,LacIrep1,145
64.5470798998191,1500000,LacIrep1,145
64.5650670207862,2000000,LacIrep1,145
64.5748541381216,3000000,LacIrep1,145
64.578353368619,5000000,LacIrep1,145
64.5792765325082,10000000,LacIrep1,145
64.5794271134299,40000000,LacIrep1,145
64.5794301737316,200000000,LacIrep1,145
0.520693294277196,1,LacIrep1,146
26.1768270921087,100000,LacIrep1,146
60.2143079965714,300000,LacIrep1,146
63.0844960881464,700000,LacIrep1,146
63.259443205718,1000000,LacIrep1,146
63.3257874296605,1500000,LacIrep1,146
63.3425741588702,2000000,LacIrep1,146
63.3511171617325,3000000,LacIrep1,146
63.3542948669814,5000000,LacIrep1,146
63.3550479399807,10000000,LacIrep1,146
63.3551609611281,40000000,LacIrep1,146
63.3551629671734,200000000,LacIrep1,146
0.52066963611482,1,LacIrep1,147
24.1957869278073,100000,LacIrep1,147
57.3666273546806,300000,LacIrep1,147
61.2787845359609,700000,LacIrep1,147
61.5714736949715,1000000,LacIrep1,147
61.6936219217531,1500000,LacIrep1,147
61.7270883424266,2000000,LacIrep1,147
61.7461979824922,3000000,LacIrep1,147
61.7534676328238,5000000,LacIrep1,147
61.7555683296665,10000000,LacIrep1,147
61.7559497610487,40000000,LacIrep1,147
61.7559592786562,200000000,LacIrep1,147
0.520807703887507,1,LacIrep1,148
26.683960515349,100000,LacIrep1,148
56.7240308396361,300000,LacIrep1,148
58.9748687585192,700000,LacIrep1,148
59.1089123913489,1000000,LacIrep1,148
59.1874844439813,1500000,LacIrep1,148
59.200033179367,2000000,LacIrep1,148
59.2065401128252,3000000,LacIrep1,148
59.2087357344365,5000000,LacIrep1,148
59.2092062705495,10000000,LacIrep1,148
59.2093605957905,40000000,LacIrep1,148
59.2093619563139,200000000,LacIrep1,148
0.520704801003664,1,LacIrep1,149
28.1697540951845,100000,LacIrep1,149
59.8525601162214,300000,LacIrep1,149
63.6205175320992,700000,LacIrep1,149
63.9263779933669,1000000,LacIrep1,149
64.0599197366084,1500000,LacIrep1,149
64.0979708744027,2000000,LacIrep1,149
64.1206981612388,3000000,LacIrep1,149
64.1299972147228,5000000,LacIrep1,149
64.1326343783687,10000000,LacIrep1,149
64.1331976866958,40000000,LacIrep1,149
64.1333955095827,200000000,LacIrep1,149
0.520786036846938,1,LacIrep1,150
26.2776207696225,100000,LacIrep1,150
61.2373182757514,300000,LacIrep1,150
64.8547788057091,700000,LacIrep1,150
65.102683367518,1000000,LacIrep1,150
65.2021589592994,1500000,LacIrep1,150
65.2284345872579,2000000,LacIrep1,150
65.2429546218487,3000000,LacIrep1,150
65.2482361844755,5000000,LacIrep1,150
65.2496893769872,10000000,LacIrep1,150
65.2499322787385,40000000,LacIrep1,150
65.2499304814848,200000000,LacIrep1,150
0.520662419115525,1,LacIrep1,151
25.9127109198543,100000,LacIrep1,151
51.4378999808282,300000,LacIrep1,151
53.7684037920287,700000,LacIrep1,151
53.9314818348073,1000000,LacIrep1,151
53.9976200492116,1500000,LacIrep1,151
54.0153473183869,2000000,LacIrep1,151
54.0252750533586,3000000,LacIrep1,151
54.0289559380261,5000000,LacIrep1,151
54.0299854282351,10000000,LacIrep1,151
54.0301639260018,40000000,LacIrep1,151
54.0301680276331,200000000,LacIrep1,151
0.520693772242124,1,LacIrep1,152
20.3651053966558,100000,LacIrep1,152
59.1893273226172,300000,LacIrep1,152
63.0482320391719,700000,LacIrep1,152
63.2718169239046,1000000,LacIrep1,152
63.3533704134185,1500000,LacIrep1,152
63.3732870094171,2000000,LacIrep1,152
63.3833436776882,3000000,LacIrep1,152
63.3866346203807,5000000,LacIrep1,152
63.3872356262463,10000000,LacIrep1,152
63.3875293355961,40000000,LacIrep1,152
63.387346456371,200000000,LacIrep1,152
0.520786727078028,1,LacIrep1,153
25.8952330170328,100000,LacIrep1,153
57.8293405599277,300000,LacIrep1,153
61.0705548065767,700000,LacIrep1,153
61.2967896205605,1000000,LacIrep1,153
61.3880319864757,1500000,LacIrep1,153
61.4123446958053,2000000,LacIrep1,153
61.4258502685305,3000000,LacIrep1,153
61.4308357023277,5000000,LacIrep1,153
61.4322543794513,10000000,LacIrep1,153
61.4324909284859,40000000,LacIrep1,153
61.4324593398229,200000000,LacIrep1,153
0.520744883174444,1,LacIrep1,154
14.6989704368469,100000,LacIrep1,154
53.6884988548122,300000,LacIrep1,154
58.5165864580307,700000,LacIrep1,154
58.7974388284117,1000000,LacIrep1,154
58.8991099126265,1500000,LacIrep1,154
58.9234651548208,2000000,LacIrep1,154
58.9357996284069,3000000,LacIrep1,154
58.939763175127,5000000,LacIrep1,154
58.9407457324585,10000000,LacIrep1,154
58.9408750440965,40000000,LacIrep1,154
58.9408769867905,200000000,LacIrep1,154
0.520709838576752,1,LacIrep1,155
27.7010116803162,100000,LacIrep1,155
57.3635393960058,300000,LacIrep1,155
60.1188237735627,700000,LacIrep1,155
60.3095200637844,1000000,LacIrep1,155
60.3869979846524,1500000,LacIrep1,155
60.4077193834506,2000000,LacIrep1,155
60.4193041149303,3000000,LacIrep1,155
60.4235908130811,5000000,LacIrep1,155
60.4247871002789,10000000,LacIrep1,155
60.4249939498584,40000000,LacIrep1,155
60.4249986822937,200000000,LacIrep1,155
0.520689078080578,1,LacIrep1,156
26.0955009068271,100000,LacIrep1,156
58.8217358291761,300000,LacIrep1,156
62.598509927628,700000,LacIrep1,156
62.8862971836502,1000000,LacIrep1,156
63.0073955998608,1500000,LacIrep1,156
63.041165076164,2000000,LacIrep1,156
63.0605222181433,3000000,LacIrep1,156
63.0678006268976,5000000,LacIrep1,156
63.0701684091869,10000000,LacIrep1,156
63.0705749650609,40000000,LacIrep1,156
63.0705855191057,200000000,LacIrep1,156
0.520720849355055,1,LacIrep1,157
26.6449335960462,100000,LacIrep1,157
58.5883750302144,300000,LacIrep1,157
60.9193976440147,700000,LacIrep1,157
61.0524539087311,1000000,LacIrep1,157
61.1015094637058,1500000,LacIrep1,157
61.1134193189935,2000000,LacIrep1,157
61.1195338021963,3000000,LacIrep1,157
61.1215525145668,5000000,LacIrep1,157
61.1220470653979,10000000,LacIrep1,157
61.1221158910973,40000000,LacIrep1,157
61.1221169850165,200000000,LacIrep1,157
0.520875043465865,1,LacIrep1,158
28.6258465824637,100000,LacIrep1,158
59.8745384347845,300000,LacIrep1,158
62.6654214692229,700000,LacIrep1,158
62.8536144370818,1000000,LacIrep1,158
62.9590910266662,1500000,LacIrep1,158
62.9789231076073,2000000,LacIrep1,158
62.9898378819449,3000000,LacIrep1,158
62.9937187826317,5000000,LacIrep1,158
62.9948656827215,10000000,LacIrep1,158
62.995044303477,40000000,LacIrep1,158
62.9950481157574,200000000,LacIrep1,158
0.520560129952388,1,LacIrep1,159
16.0872312573831,100000,LacIrep1,159
49.061932381606,300000,LacIrep1,159
53.7978026497311,700000,LacIrep1,159
54.1435031453922,1000000,LacIrep1,159
54.2841895935121,1500000,LacIrep1,159
54.3217442140163,2000000,LacIrep1,159
54.3426812154219,3000000,LacIrep1,159
54.3503960084696,5000000,LacIrep1,159
54.3525368019456,10000000,LacIrep1,159
54.3529039590879,40000000,LacIrep1,159
54.3529122366895,200000000,LacIrep1,159
0.520733209974035,1,LacIrep1,160
19.4212998991362,100000,LacIrep1,160
53.7726617541515,300000,LacIrep1,160
57.8165632425303,700000,LacIrep1,160
58.0888251371526,1000000,LacIrep1,160
58.1958375409935,1500000,LacIrep1,160
58.2236282429254,2000000,LacIrep1,160
58.2387538697591,3000000,LacIrep1,160
58.2441535360344,5000000,LacIrep1,160
58.2455930891695,10000000,LacIrep1,160
58.2458264909852,40000000,LacIrep1,160
58.2458312510083,200000000,LacIrep1,160
0.52062311904574,1,LacIrep1,161
27.2392511893417,100000,LacIrep1,161
55.4060488560871,300000,LacIrep1,161
58.2614765447931,700000,LacIrep1,161
58.4750390804433,1000000,LacIrep1,161
58.564763465447,1500000,LacIrep1,161
58.5895505925736,2000000,LacIrep1,161
58.6038160227192,3000000,LacIrep1,161
58.6093012172013,5000000,LacIrep1,161
58.6109082614139,10000000,LacIrep1,161
58.6112058343758,40000000,LacIrep1,161
58.6112135244165,200000000,LacIrep1,161
0.520726686196743,1,LacIrep1,162
23.0171112658491,100000,LacIrep1,162
56.7639626221916,300000,LacIrep1,162
60.968867996718,700000,LacIrep1,162
61.2884122518451,1000000,LacIrep1,162
61.4225306473253,1500000,LacIrep1,162
61.4595446760767,2000000,LacIrep1,162
61.4808178288997,3000000,LacIrep1,162
61.4889808383647,5000000,LacIrep1,162
61.4913588626002,10000000,LacIrep1,162
61.4918059487988,40000000,LacIrep1,162
61.491817240043,200000000,LacIrep1,162
0.520842435679988,1,LacIrep1,163
36.7050894713368,100000,LacIrep1,163
59.1087524487308,300000,LacIrep1,163
60.9101910314831,700000,LacIrep1,163
61.0453164314549,1000000,LacIrep1,163
61.1317169467958,1500000,LacIrep1,163
61.147685721564,2000000,LacIrep1,163
61.1569461914499,3000000,LacIrep1,163
61.1604680272543,5000000,LacIrep1,163
61.1615349378456,10000000,LacIrep1,163
61.1618104444537,40000000,LacIrep1,163
61.1617413112313,200000000,LacIrep1,163
0.520895122015736,1,LacIrep1,164
32.2696738491087,100000,LacIrep1,164
61.6091504527188,300000,LacIrep1,164
63.8659722280872,700000,LacIrep1,164
64.0105117591093,1000000,LacIrep1,164
64.0978674626379,1500000,LacIrep1,164
64.1125879412602,2000000,LacIrep1,164
64.1204460251529,3000000,LacIrep1,164
64.1232592712785,5000000,LacIrep1,164
64.1240029924659,10000000,LacIrep1,164
64.1241221360396,40000000,LacIrep1,164
64.1241245131401,200000000,LacIrep1,164
0.52065652690872,1,LacIrep1,165
18.771582703446,100000,LacIrep1,165
56.4630585319127,300000,LacIrep1,165
60.4995595635122,700000,LacIrep1,165
60.741543218086,1000000,LacIrep1,165
60.8314056414129,1500000,LacIrep1,165
60.8534208163749,2000000,LacIrep1,165
60.8647970934815,3000000,LacIrep1,165
60.8685878705328,5000000,LacIrep1,165
60.8695139406766,10000000,LacIrep1,165
60.8696468180669,40000000,LacIrep1,165
60.8696489927921,200000000,LacIrep1,165
0.52077800641004,1,LacIrep1,166
16.750353164301,100000,LacIrep1,166
55.8381500834031,300000,LacIrep1,166
60.4858716229834,700000,LacIrep1,166
60.7660928979536,1000000,LacIrep1,166
60.8695373551363,1500000,LacIrep1,166
60.894798607607,2000000,LacIrep1,166
60.9078121871997,3000000,LacIrep1,166
60.9121304256378,5000000,LacIrep1,166
60.9131797086341,10000000,LacIrep1,166
60.9133291393237,40000000,LacIrep1,166
60.9133315516648,200000000,LacIrep1,166
0.520702923874698,1,LacIrep1,167
32.6894760394416,100000,LacIrep1,167
61.6750767840314,300000,LacIrep1,167
63.7979472214014,700000,LacIrep1,167
63.931202263396,1000000,LacIrep1,167
63.9826014736675,1500000,LacIrep1,167
63.9954993933944,2000000,LacIrep1,167
64.0027056403488,3000000,LacIrep1,167
64.0049581114457,5000000,LacIrep1,167
64.0055927636882,10000000,LacIrep1,167
64.0058868397218,40000000,LacIrep1,167
64.0056935648118,200000000,LacIrep1,167
0.520745857573699,1,LacIrep1,168
28.155904869685,100000,LacIrep1,168
60.3786513184699,300000,LacIrep1,168
62.5283594492514,700000,LacIrep1,168
62.6462481253379,1000000,LacIrep1,168
62.6884569535844,1500000,LacIrep1,168
62.6984738454458,2000000,LacIrep1,168
62.7035140839693,3000000,LacIrep1,168
62.7051408616052,5000000,LacIrep1,168
62.7055116733595,10000000,LacIrep1,168
62.705562528346,40000000,LacIrep1,168
62.7055632691103,200000000,LacIrep1,168
0.520866699409556,1,LacIrep1,169
23.6904231835537,100000,LacIrep1,169
59.3843138583169,300000,LacIrep1,169
62.2579392398334,700000,LacIrep1,169
62.4169088656605,1000000,LacIrep1,169
62.4743745647935,1500000,LacIrep1,169
62.4875222987486,2000000,LacIrep1,169
62.4948024869513,3000000,LacIrep1,169
62.4965575694731,5000000,LacIrep1,169
62.4975202011356,10000000,LacIrep1,169
62.4975897029258,40000000,LacIrep1,169
62.4975907202008,200000000,LacIrep1,169
0.520569916932126,1,LacIrep1,170
18.2833845847194,100000,LacIrep1,170
51.0169862667318,300000,LacIrep1,170
54.6521406305794,700000,LacIrep1,170
54.8852272819842,1000000,LacIrep1,170
54.9747836845863,1500000,LacIrep1,170
54.9972592712316,2000000,LacIrep1,170
55.0093100089456,3000000,LacIrep1,170
55.0136613852536,5000000,LacIrep1,170
55.0147293327604,10000000,LacIrep1,170
55.0147114991888,40000000,LacIrep1,170
55.0148960476489,200000000,LacIrep1,170
0.520752019203358,1,LacIrep1,171
29.2580340689695,100000,LacIrep1,171
54.2740592598095,300000,LacIrep1,171
55.9058581317584,700000,LacIrep1,171
56.0006095113022,1000000,LacIrep1,171
56.0632323574497,1500000,LacIrep1,171
56.0720584959479,2000000,LacIrep1,171
56.0767369709365,3000000,LacIrep1,171
56.0782137950955,5000000,LacIrep1,171
56.0785990010358,10000000,LacIrep1,171
56.0787311486528,40000000,LacIrep1,171
56.0786564345522,200000000,LacIrep1,171
0.520733571058095,1,LacIrep1,172
27.2127135266031,100000,LacIrep1,172
52.5097783486501,300000,LacIrep1,172
54.7561683097701,700000,LacIrep1,172
54.9161159011914,1000000,LacIrep1,172
55.0082198456774,1500000,LacIrep1,172
55.0260166673512,2000000,LacIrep1,172
55.0361896907086,3000000,LacIrep1,172
55.0399053324629,5000000,LacIrep1,172
55.0410554183136,10000000,LacIrep1,172
55.0411723788978,40000000,LacIrep1,172
55.0412507019153,200000000,LacIrep1,172
0.520696700907168,1,LacIrep1,173
25.3042811164528,100000,LacIrep1,173
60.3038742295388,300000,LacIrep1,173
63.3070646144281,700000,LacIrep1,173
63.4874804826518,1000000,LacIrep1,173
63.5551404511052,1500000,LacIrep1,173
63.5718987538409,2000000,LacIrep1,173
63.5806455170066,3000000,LacIrep1,173
63.5835992988494,5000000,LacIrep1,173
63.5843332203686,10000000,LacIrep1,173
63.5844410416275,40000000,LacIrep1,173
63.5846236225392,200000000,LacIrep1,173
0.520789301335674,1,LacIrep1,174
28.0548116708108,100000,LacIrep1,174
54.8124903944452,300000,LacIrep1,174
57.7453540442536,700000,LacIrep1,174
57.983463075151,1000000,LacIrep1,174
58.1160993421384,1500000,LacIrep1,174
58.1463521307612,2000000,LacIrep1,174
58.1165737127357,3000000,LacIrep1,174
58.1236981427517,5000000,LacIrep1,174
58.1497187242658,10000000,LacIrep1,174
58.1501810821298,40000000,LacIrep1,174
58.1501950710925,200000000,LacIrep1,174
0.520746027869129,1,LacIrep1,175
18.9465694407324,100000,LacIrep1,175
53.6137289495299,300000,LacIrep1,175
58.4293938638035,700000,LacIrep1,175
58.7879030785076,1000000,LacIrep1,175
58.9352046838247,1500000,LacIrep1,175
58.9750983962672,2000000,LacIrep1,175
58.9976335876202,3000000,LacIrep1,175
59.0060830746405,5000000,LacIrep1,175
59.0084800400721,10000000,LacIrep1,175
59.0089040662392,40000000,LacIrep1,175
59.0089141675462,200000000,LacIrep1,175
0.520724669393462,1,LacIrep1,176
20.9242416657048,100000,LacIrep1,176
50.7112325725431,300000,LacIrep1,176
54.1161764621156,700000,LacIrep1,176
54.3626102951262,1000000,LacIrep1,176
54.4898995456796,1500000,LacIrep1,176
54.5174041282134,2000000,LacIrep1,176
54.5329264140417,3000000,LacIrep1,176
54.5387396770607,5000000,LacIrep1,176
54.5403864907305,10000000,LacIrep1,176
54.5407512248358,40000000,LacIrep1,176
54.5406841666925,200000000,LacIrep1,176
0.520661001574702,1,LacIrep1,177
26.569859949501,100000,LacIrep1,177
51.1000871184572,300000,LacIrep1,177
53.6158215212696,700000,LacIrep1,177
53.8142672255721,1000000,LacIrep1,177
53.8993897988772,1500000,LacIrep1,177
53.9235397694163,2000000,LacIrep1,177
53.9377259893668,3000000,LacIrep1,177
53.94330473238,5000000,LacIrep1,177
53.9450502291993,10000000,LacIrep1,177
53.94538346774,40000000,LacIrep1,177
53.9453929145703,200000000,LacIrep1,177
0.520782073725578,1,LacIrep1,178
24.3871530401313,100000,LacIrep1,178
61.7185581663635,300000,LacIrep1,178
64.7489337007165,700000,LacIrep1,178
64.9149054400116,1000000,LacIrep1,178
64.9747623625202,1500000,LacIrep1,178
64.9889902874696,2000000,LacIrep1,178
64.9961421366305,3000000,LacIrep1,178
64.9984444870633,5000000,LacIrep1,178
64.9989821570827,10000000,LacIrep1,178
64.9990546019745,40000000,LacIrep1,178
64.9990627493255,200000000,LacIrep1,178
0.520742422374798,1,LacIrep1,179
24.4219874028871,100000,LacIrep1,179
52.4987501083821,300000,LacIrep1,179
55.2085826683809,700000,LacIrep1,179
55.3976937347294,1000000,LacIrep1,179
55.501106822925,1500000,LacIrep1,179
55.5217109243291,2000000,LacIrep1,179
55.5332145240126,3000000,LacIrep1,179
55.537461979681,5000000,LacIrep1,179
55.5386436745879,10000000,LacIrep1,179
55.5388470590723,40000000,LacIrep1,179
55.5388516725974,200000000,LacIrep1,179
0.520712784764787,1,LacIrep1,180
21.634841354667,100000,LacIrep1,180
59.3061604478191,300000,LacIrep1,180
64.1152931268974,700000,LacIrep1,180
64.4623241182851,1000000,LacIrep1,180
64.603535630594,1500000,LacIrep1,180
64.6413873285838,2000000,LacIrep1,180
64.6625508748572,3000000,LacIrep1,180
64.6703804378751,5000000,LacIrep1,180
64.6725644294426,10000000,LacIrep1,180
64.6729417714566,40000000,LacIrep1,180
64.6729503922641,200000000,LacIrep1,180
0.520591077366288,1,LacIrep1,181
18.2841298428016,100000,LacIrep1,181
52.4472809504223,300000,LacIrep1,181
56.1001702686474,700000,LacIrep1,181
56.3242370731815,1000000,LacIrep1,181
56.4085471097792,1500000,LacIrep1,181
56.4294412646294,2000000,LacIrep1,181
56.4403474327347,3000000,LacIrep1,181
56.4440298120598,5000000,LacIrep1,181
56.4449443828927,10000000,LacIrep1,181
56.4450786365252,40000000,LacIrep1,181
56.4450809257297,200000000,LacIrep1,181
0.520616953384971,1,LacIrep1,182
22.7255878219041,100000,LacIrep1,182
51.3172286834953,300000,LacIrep1,182
54.2212485458977,700000,LacIrep1,182
54.4223695661029,1000000,LacIrep1,182
54.5036596670967,1500000,LacIrep1,182
54.5252893962063,2000000,LacIrep1,182
54.5373229045334,3000000,LacIrep1,182
54.5417530779771,5000000,LacIrep1,182
54.5429767479638,10000000,LacIrep1,182
54.5431857313528,40000000,LacIrep1,182
54.5431832643672,200000000,LacIrep1,182
0.520728288520851,1,LacIrep1,183
27.7354774649949,100000,LacIrep1,183
58.6568211495572,300000,LacIrep1,183
61.3215044716651,700000,LacIrep1,183
61.4933365796062,1000000,LacIrep1,183
61.5607452205358,1500000,LacIrep1,183
61.5781580515568,2000000,LacIrep1,183
61.587593733937,3000000,LacIrep1,183
61.5909429217635,5000000,LacIrep1,183
61.5918293555255,10000000,LacIrep1,183
61.591971609771,40000000,LacIrep1,183
61.591974457347,200000000,LacIrep1,183
0.520564455598241,1,LacIrep1,184
23.5537724824296,100000,LacIrep1,184
51.9140464141394,300000,LacIrep1,184
54.3985614067517,700000,LacIrep1,184
54.5565604434511,1000000,LacIrep1,184
54.6175638029126,1500000,LacIrep1,184
54.6330977805041,2000000,LacIrep1,184
54.6414062231432,3000000,LacIrep1,184
54.6443039424949,5000000,LacIrep1,184
54.6450537885632,10000000,LacIrep1,184
54.6451703495441,40000000,LacIrep1,184
54.6451725525089,200000000,LacIrep1,184
0.520668348545288,1,LacIrep1,185
24.700953289343,100000,LacIrep1,185
50.803289093213,300000,LacIrep1,185
53.9444171892403,700000,LacIrep1,185
54.2043571506909,1000000,LacIrep1,185
54.3184781855116,1500000,LacIrep1,185
54.3514730279957,2000000,LacIrep1,185
54.3712474765277,3000000,LacIrep1,185
54.3792679518632,5000000,LacIrep1,185
54.3817820365485,10000000,LacIrep1,185
54.3822941912553,40000000,LacIrep1,185
54.382309852842,200000000,LacIrep1,185
0.520793835566817,1,LacIrep1,186
27.2546586942618,100000,LacIrep1,186
58.4090004688533,300000,LacIrep1,186
61.5060432164956,700000,LacIrep1,186
61.723995248694,1000000,LacIrep1,186
61.8123759081883,1500000,LacIrep1,186
61.8360503499332,2000000,LacIrep1,186
61.8492989761905,3000000,LacIrep1,186
61.8542058746178,5000000,LacIrep1,186
61.8555762953514,10000000,LacIrep1,186
61.8558134122938,40000000,LacIrep1,186
61.8558188409355,200000000,LacIrep1,186
0.52070957871374,1,LacIrep1,187
22.1755580473012,100000,LacIrep1,187
51.3288763619294,300000,LacIrep1,187
53.485981941468,700000,LacIrep1,187
53.6054623874365,1000000,LacIrep1,187
53.674679116046,1500000,LacIrep1,187
53.6850553699463,2000000,LacIrep1,187
53.6902989487816,3000000,LacIrep1,187
53.6919949797083,5000000,LacIrep1,187
53.6923939213789,10000000,LacIrep1,187
53.6924482141723,40000000,LacIrep1,187
53.6924490212357,200000000,LacIrep1,187
0.520742098876473,1,LacIrep1,188
24.0601596458283,100000,LacIrep1,188
52.734230029918,300000,LacIrep1,188
55.2396554707581,700000,LacIrep1,188
55.4017396306055,1000000,LacIrep1,188
55.4913920145399,1500000,LacIrep1,188
55.5077166868048,2000000,LacIrep1,188
55.5165325447986,3000000,LacIrep1,188
55.519647234965,5000000,LacIrep1,188
55.5204667171078,10000000,LacIrep1,188
55.5205971341676,40000000,LacIrep1,188
55.5205997058518,200000000,LacIrep1,188
0.520654056899707,1,LacIrep1,189
20.5153669698405,100000,LacIrep1,189
53.7822766625137,300000,LacIrep1,189
56.6497720561287,700000,LacIrep1,189
56.8102941538447,1000000,LacIrep1,189
56.8687018428136,1500000,LacIrep1,189
56.8827284365003,2000000,LacIrep1,189
56.8898433207142,3000000,LacIrep1,189
56.8921581257386,5000000,LacIrep1,189
56.8927067829084,10000000,LacIrep1,189
56.892782264108,40000000,LacIrep1,189
56.892783408695,200000000,LacIrep1,189
0.520661641604931,1,LacIrep1,190
19.7799932506984,100000,LacIrep1,190
54.0077797706489,300000,LacIrep1,190
57.108962637198,700000,LacIrep1,190
57.2834242945924,1000000,LacIrep1,190
57.3468833749094,1500000,LacIrep1,190
57.3621077988418,2000000,LacIrep1,190
57.369823299965,3000000,LacIrep1,190
57.3723339025033,5000000,LacIrep1,190
57.3729283318663,10000000,LacIrep1,190
57.3730170645893,40000000,LacIrep1,190
57.3730182990215,200000000,LacIrep1,190
0.520736004091171,1,LacIrep1,191
25.1243368888521,100000,LacIrep1,191
58.8852547090164,300000,LacIrep1,191
61.8098924844975,700000,LacIrep1,191
61.9860879077009,1000000,LacIrep1,191
62.0527062898254,1500000,LacIrep1,191
62.0692907084725,2000000,LacIrep1,191
62.0779993203208,3000000,LacIrep1,191
62.0809563632629,5000000,LacIrep1,191
62.0816898358267,10000000,LacIrep1,191
62.0818068491372,40000000,LacIrep1,191
62.0818087636499,200000000,LacIrep1,191
0.520709479933299,1,LacIrep1,192
31.8544161234437,100000,LacIrep1,192
58.2077017134715,300000,LacIrep1,192
60.1958607768943,700000,LacIrep1,192
60.3263654360789,1000000,LacIrep1,192
60.3780492733503,1500000,LacIrep1,192
60.3915086325185,2000000,LacIrep1,192
60.3988549263603,3000000,LacIrep1,192
60.4014873776444,5000000,LacIrep1,192
60.4021924437128,10000000,LacIrep1,192
60.4023074714521,40000000,LacIrep1,192
60.4023098423634,200000000,LacIrep1,192
0.520698928153161,1,LacIrep1,193
22.7503147418869,100000,LacIrep1,193
56.5384625217171,300000,LacIrep1,193
59.4715918052123,700000,LacIrep1,193
59.642977581456,1000000,LacIrep1,193
59.7067672129876,1500000,LacIrep1,193
59.7224204833748,2000000,LacIrep1,193
59.7305233388896,3000000,LacIrep1,193
59.733230024671,5000000,LacIrep1,193
59.7338933989519,10000000,LacIrep1,193
59.7339890221341,40000000,LacIrep1,193
59.7339906001095,200000000,LacIrep1,193
0.520830428107215,1,LacIrep1,194
23.1654325313747,100000,LacIrep1,194
55.2296177288233,300000,LacIrep1,194
59.8003369091224,700000,LacIrep1,194
60.1882107800429,1000000,LacIrep1,194
60.389037021187,1500000,LacIrep1,194
60.439231265407,2000000,LacIrep1,194
60.419648934073,3000000,LacIrep1,194
60.4565334600114,5000000,LacIrep1,194
60.4604295874807,10000000,LacIrep1,194
60.4612310884202,40000000,LacIrep1,194
60.4612560234734,200000000,LacIrep1,194
0.520603786255242,1,LacIrep1,195
18.7942318024911,100000,LacIrep1,195
50.2911127113039,300000,LacIrep1,195
53.415033434765,700000,LacIrep1,195
53.6057115665505,1000000,LacIrep1,195
53.6778339426684,1500000,LacIrep1,195
53.6958207244477,2000000,LacIrep1,195
53.705265338525,3000000,LacIrep1,195
53.7084804810179,5000000,LacIrep1,195
53.7092875915861,10000000,LacIrep1,195
53.7094078936505,40000000,LacIrep1,195
53.7094171582545,200000000,LacIrep1,195
0.520668542485804,1,LacIrep1,196
23.0123988888132,100000,LacIrep1,196
53.3243434704319,300000,LacIrep1,196
57.2738862868628,700000,LacIrep1,196
57.5946464154501,1000000,LacIrep1,196
57.7338687870814,1500000,LacIrep1,196
57.7735463068262,2000000,LacIrep1,196
57.7970228166756,3000000,LacIrep1,196
57.8063886331606,5000000,LacIrep1,196
57.809251203191,10000000,LacIrep1,196
57.809817889281,40000000,LacIrep1,196
57.8098414663774,200000000,LacIrep1,196
0.520644860802932,1,LacIrep1,197
24.4315394199363,100000,LacIrep1,197
55.4040641925041,300000,LacIrep1,197
59.5057279303013,700000,LacIrep1,197
59.8473042901251,1000000,LacIrep1,197
59.997393188009,1500000,LacIrep1,197
60.0409539869548,2000000,LacIrep1,197
60.0666828144493,3000000,LacIrep1,197
60.0773395436525,5000000,LacIrep1,197
60.0804224630312,10000000,LacIrep1,197
60.0812666399015,40000000,LacIrep1,197
60.0812866057502,200000000,LacIrep1,197
0.520565807363443,1,LacIrep1,198
25.1666271138163,100000,LacIrep1,198
51.536150616201,300000,LacIrep1,198
54.3745629952535,700000,LacIrep1,198
54.5935668913203,1000000,LacIrep1,198
54.6871339482477,1500000,LacIrep1,198
54.713302591579,2000000,LacIrep1,198
54.7285445637838,3000000,LacIrep1,198
54.7344980911142,5000000,LacIrep1,198
54.7362772386745,10000000,LacIrep1,198
54.7366159805655,40000000,LacIrep1,198
54.7366251727854,200000000,LacIrep1,198
0.520766353461904,1,LacIrep1,199
25.2862075050059,100000,LacIrep1,199
53.9277614031068,300000,LacIrep1,199
56.5701118264334,700000,LacIrep1,199
56.749919213506,1000000,LacIrep1,199
56.8495461582508,1500000,LacIrep1,199
56.8686597540849,2000000,LacIrep1,199
56.8791461549955,3000000,LacIrep1,199
56.8830628030538,5000000,LacIrep1,199
56.8372723991119,10000000,LacIrep1,199
56.8374445888871,40000000,LacIrep1,199
56.837610773869,200000000,LacIrep1,199
0.520713013711214,1,LacIrep1,200
22.4967021719862,100000,LacIrep1,200
55.1571050566962,300000,LacIrep1,200
59.9373052047279,700000,LacIrep1,200
60.3440507890542,1000000,LacIrep1,200
60.5241516544442,1500000,LacIrep1,200
60.5764845950137,2000000,LacIrep1,200
60.6079786506489,3000000,LacIrep1,200
60.6208216497192,5000000,LacIrep1,200
60.6248754102632,10000000,LacIrep1,200
60.6257095868059,40000000,LacIrep1,200
60.6257283456153,200000000,LacIrep1,200
